pokedex_number,name,generation,leg_status,type_1,type_2,height_m,weight_kg,bst,hp,atk,def,spa,spd,spe
1,Bulbasaur,1,Not Legendary,Grass,Poison,0.7,6.9,318,45,49,49,65,65,45
2,Ivysaur,1,Not Legendary,Grass,Poison,1,13,405,60,62,63,80,80,60
3,Venusaur,1,Not Legendary,Grass,Poison,2,100,525,80,82,83,100,100,80
3,Mega Venusaur,1,Not Legendary,Grass,Poison,2.4,155.5,625,80,100,123,122,120,80
4,Charmander,1,Not Legendary,Fire,None,0.6,8.5,309,39,52,43,60,50,65
5,Charmeleon,1,Not Legendary,Fire,None,1.1,19,405,58,64,58,80,65,80
6,Charizard,1,Not Legendary,Fire,Flying,1.7,90.5,534,78,84,78,109,85,100
6,Mega Charizard X,1,Not Legendary,Fire,Dragon,1.7,110.5,634,78,130,111,130,85,100
6,Mega Charizard Y,1,Not Legendary,Fire,Flying,1.7,100.5,634,78,104,78,159,115,100
7,Squirtle,1,Not Legendary,Water,None,0.5,9,314,44,48,65,50,64,43
8,Wartortle,1,Not Legendary,Water,None,1,22.5,405,59,63,80,65,80,58
9,Blastoise,1,Not Legendary,Water,None,1.6,85.5,530,79,83,100,85,105,78
9,Mega Blastoise,1,Not Legendary,Water,None,1.6,101.1,630,79,103,120,135,115,78
10,Caterpie,1,Not Legendary,Bug,None,0.3,2.9,195,45,30,35,20,20,45
11,Metapod,1,Not Legendary,Bug,None,0.7,9.9,205,50,20,55,25,25,30
12,Butterfree,1,Not Legendary,Bug,Flying,1.1,32,395,60,45,50,90,80,70
13,Weedle,1,Not Legendary,Bug,Poison,0.3,3.2,195,40,35,30,20,20,50
14,Kakuna,1,Not Legendary,Bug,Poison,0.6,10,205,45,25,50,25,25,35
15,Beedrill,1,Not Legendary,Bug,Poison,1,29.5,395,65,90,40,45,80,75
15,Mega Beedrill,1,Not Legendary,Bug,Poison,1.4,40.5,495,65,150,40,15,80,145
16,Pidgey,1,Not Legendary,Normal,Flying,0.3,1.8,251,40,45,40,35,35,56
17,Pidgeotto,1,Not Legendary,Normal,Flying,1.1,30,349,63,60,55,50,50,71
18,Pidgeot,1,Not Legendary,Normal,Flying,1.5,39.5,479,83,80,75,70,70,101
18,Mega Pidgeot,1,Not Legendary,Normal,Flying,2.2,50.5,579,83,80,80,135,80,121
19,Rattata,1,Not Legendary,Normal,None,0.3,3.5,253,30,56,35,25,35,72
19,Alolan Rattata,1,Not Legendary,Dark,Normal,0.3,3.8,253,30,56,35,25,35,72
20,Raticate,1,Not Legendary,Normal,None,0.7,18.5,413,55,81,60,50,70,97
20,Alolan Raticate,1,Not Legendary,Dark,Normal,0.7,25.5,413,75,71,70,40,80,77
21,Spearow,1,Not Legendary,Normal,Flying,0.3,2,262,40,60,30,31,31,70
22,Fearow,1,Not Legendary,Normal,Flying,1.2,38,442,65,90,65,61,61,100
23,Ekans,1,Not Legendary,Poison,None,2,6.9,288,35,60,44,40,54,55
24,Arbok,1,Not Legendary,Poison,None,3.5,65,448,60,95,69,65,79,80
25,Pikachu,1,Not Legendary,Electric,None,0.4,6,320,35,55,40,50,50,90
25,Partner Pikachu,1,Not Legendary,Electric,None,0.4,6,430,45,80,50,75,60,120
26,Raichu,1,Not Legendary,Electric,None,0.8,30,485,60,90,55,90,80,110
26,Alolan Raichu,1,Not Legendary,Electric,Psychic,0.7,21,485,60,85,50,95,85,110
27,Sandshrew,1,Not Legendary,Ground,None,0.6,12,300,50,75,85,20,30,40
27,Alolan Sandshrew,1,Not Legendary,Ice,Steel,0.7,40,300,50,75,90,10,35,40
28,Sandslash,1,Not Legendary,Ground,None,1,29.5,450,75,100,110,45,55,65
28,Alolan Sandslash,1,Not Legendary,Ice,Steel,1.2,55,450,75,100,120,25,65,65
29,Nidoran♀,1,Not Legendary,Poison,None,0.4,7,275,55,47,52,40,40,41
30,Nidorina,1,Not Legendary,Poison,None,0.8,20,365,70,62,67,55,55,56
31,Nidoqueen,1,Not Legendary,Poison,Ground,1.3,60,505,90,92,87,75,85,76
32,Nidoran♂,1,Not Legendary,Poison,None,0.5,9,273,46,57,40,40,40,50
33,Nidorino,1,Not Legendary,Poison,None,0.9,19.5,365,61,72,57,55,55,65
34,Nidoking,1,Not Legendary,Poison,Ground,1.4,62,505,81,102,77,85,75,85
35,Clefairy,1,Not Legendary,Fairy,None,0.6,7.5,323,70,45,48,60,65,35
36,Clefable,1,Not Legendary,Fairy,None,1.3,40,483,95,70,73,95,90,60
37,Vulpix,1,Not Legendary,Fire,None,0.6,9.9,299,38,41,40,50,65,65
37,Alolan Vulpix,1,Not Legendary,Ice,None,0.6,9.9,299,38,41,40,50,65,65
38,Ninetales,1,Not Legendary,Fire,None,1.1,19.9,505,73,76,75,81,100,100
38,Alolan Ninetales,1,Not Legendary,Ice,Fairy,1.1,19.9,505,73,67,75,81,100,109
39,Jigglypuff,1,Not Legendary,Normal,Fairy,0.5,5.5,270,115,45,20,45,25,20
40,Wigglytuff,1,Not Legendary,Normal,Fairy,1,12,435,140,70,45,85,50,45
41,Zubat,1,Not Legendary,Poison,Flying,0.8,7.5,245,40,45,35,30,40,55
42,Golbat,1,Not Legendary,Poison,Flying,1.6,55,455,75,80,70,65,75,90
43,Oddish,1,Not Legendary,Grass,Poison,0.5,5.4,320,45,50,55,75,65,30
44,Gloom,1,Not Legendary,Grass,Poison,0.8,8.6,395,60,65,70,85,75,40
45,Vileplume,1,Not Legendary,Grass,Poison,1.2,18.6,490,75,80,85,110,90,50
46,Paras,1,Not Legendary,Bug,Grass,0.3,5.4,285,35,70,55,45,55,25
47,Parasect,1,Not Legendary,Bug,Grass,1,29.5,405,60,95,80,60,80,30
48,Venonat,1,Not Legendary,Bug,Poison,1,30,305,60,55,50,40,55,45
49,Venomoth,1,Not Legendary,Bug,Poison,1.5,12.5,450,70,65,60,90,75,90
50,Diglett,1,Not Legendary,Ground,None,0.2,0.8,265,10,55,25,35,45,95
50,Alolan Diglett,1,Not Legendary,Ground,Steel,0.2,1,265,10,55,30,35,45,90
51,Dugtrio,1,Not Legendary,Ground,None,0.7,33.3,425,35,100,50,50,70,120
51,Alolan Dugtrio,1,Not Legendary,Ground,Steel,0.7,66.6,425,35,100,60,50,70,110
52,Meowth,1,Not Legendary,Normal,None,0.4,4.2,290,40,45,35,40,40,90
52,Alolan Meowth,1,Not Legendary,Dark,None,0.4,4.2,290,40,35,35,50,40,90
52,Galarian Meowth,1,Not Legendary,Steel,None,0.4,7.5,290,50,65,55,40,40,40
53,Persian,1,Not Legendary,Normal,None,1,32,440,65,70,60,65,65,115
53,Alolan Persian,1,Not Legendary,Dark,None,1.1,33,440,65,60,60,75,65,115
54,Psyduck,1,Not Legendary,Water,None,0.8,19.6,320,50,52,48,65,50,55
55,Golduck,1,Not Legendary,Water,None,1.7,76.6,500,80,82,78,95,80,85
56,Mankey,1,Not Legendary,Fighting,None,0.5,28,305,40,80,35,35,45,70
57,Primeape,1,Not Legendary,Fighting,None,1,32,455,65,105,60,60,70,95
58,Growlithe,1,Not Legendary,Fire,None,0.7,19,350,55,70,45,70,50,60
59,Arcanine,1,Not Legendary,Fire,None,1.9,155,555,90,110,80,100,80,95
60,Poliwag,1,Not Legendary,Water,None,0.6,12.4,300,40,50,40,40,40,90
61,Poliwhirl,1,Not Legendary,Water,None,1,20,385,65,65,65,50,50,90
62,Poliwrath,1,Not Legendary,Water,Fighting,1.3,54,510,90,95,95,70,90,70
63,Abra,1,Not Legendary,Psychic,None,0.9,19.5,310,25,20,15,105,55,90
64,Kadabra,1,Not Legendary,Psychic,None,1.3,56.5,400,40,35,30,120,70,105
65,Alakazam,1,Not Legendary,Psychic,None,1.5,48,500,55,50,45,135,95,120
65,Mega Alakazam,1,Not Legendary,Psychic,None,1.2,48,600,55,50,65,175,105,150
66,Machop,1,Not Legendary,Fighting,None,0.8,19.5,305,70,80,50,35,35,35
67,Machoke,1,Not Legendary,Fighting,None,1.5,70.5,405,80,100,70,50,60,45
68,Machamp,1,Not Legendary,Fighting,None,1.6,130,505,90,130,80,65,85,55
69,Bellsprout,1,Not Legendary,Grass,Poison,0.7,4,300,50,75,35,70,30,40
70,Weepinbell,1,Not Legendary,Grass,Poison,1,6.4,390,65,90,50,85,45,55
71,Victreebel,1,Not Legendary,Grass,Poison,1.7,15.5,490,80,105,65,100,70,70
72,Tentacool,1,Not Legendary,Water,Poison,0.9,45.5,335,40,40,35,50,100,70
73,Tentacruel,1,Not Legendary,Water,Poison,1.6,55,515,80,70,65,80,120,100
74,Geodude,1,Not Legendary,Rock,Ground,0.4,20,300,40,80,100,30,30,20
74,Alolan Geodude,1,Not Legendary,Rock,Electric,0.4,20.3,300,40,80,100,30,30,20
75,Graveler,1,Not Legendary,Rock,Ground,1,105,390,55,95,115,45,45,35
75,Alolan Graveler,1,Not Legendary,Rock,Electric,1,110,390,55,95,115,45,45,35
76,Golem,1,Not Legendary,Rock,Ground,1.4,300,495,80,120,130,55,65,45
76,Alolan Golem,1,Not Legendary,Rock,Electric,1.7,316,495,80,120,130,55,65,45
77,Ponyta,1,Not Legendary,Fire,None,1,30,410,50,85,55,65,65,90
77,Galarian Ponyta,1,Not Legendary,Psychic,None,0.8,24,410,50,85,55,65,65,90
78,Rapidash,1,Not Legendary,Fire,None,1.7,95,500,65,100,70,80,80,105
78,Galarian Rapidash,1,Not Legendary,Psychic,Fairy,1.7,80,500,65,100,70,80,80,105
79,Slowpoke,1,Not Legendary,Water,Psychic,1.2,36,315,90,65,65,40,40,15
80,Slowbro,1,Not Legendary,Water,Psychic,1.6,78.5,490,95,75,110,100,80,30
80,Mega Slowbro,1,Not Legendary,Water,Psychic,2,120,590,95,75,180,130,80,30
81,Magnemite,1,Not Legendary,Electric,Steel,0.3,6,325,25,35,70,95,55,45
82,Magneton,1,Not Legendary,Electric,Steel,1,60,465,50,60,95,120,70,70
83,Farfetch'd,1,Not Legendary,Normal,Flying,0.8,15,377,52,90,55,58,62,60
83,Galarian Farfetch'd,1,Not Legendary,Fighting,None,0.8,42,377,52,95,55,58,62,55
84,Doduo,1,Not Legendary,Normal,Flying,1.4,39.2,310,35,85,45,35,35,75
85,Dodrio,1,Not Legendary,Normal,Flying,1.8,85.2,470,60,110,70,60,60,110
86,Seel,1,Not Legendary,Water,None,1.1,90,325,65,45,55,45,70,45
87,Dewgong,1,Not Legendary,Water,Ice,1.7,120,475,90,70,80,70,95,70
88,Grimer,1,Not Legendary,Poison,None,0.9,30,325,80,80,50,40,50,25
88,Alolan Grimer,1,Not Legendary,Poison,Dark,0.7,42,325,80,80,50,40,50,25
89,Muk,1,Not Legendary,Poison,None,1.2,30,500,105,105,75,65,100,50
89,Alolan Muk,1,Not Legendary,Poison,Dark,1,52,500,105,105,75,65,100,50
90,Shellder,1,Not Legendary,Water,None,0.3,4,305,30,65,100,45,25,40
91,Cloyster,1,Not Legendary,Water,Ice,1.5,132.5,525,50,95,180,85,45,70
92,Gastly,1,Not Legendary,Ghost,Poison,1.3,0.1,310,30,35,30,100,35,80
93,Haunter,1,Not Legendary,Ghost,Poison,1.6,0.1,405,45,50,45,115,55,95
94,Gengar,1,Not Legendary,Ghost,Poison,1.5,40.5,500,60,65,60,130,75,110
94,Mega Gengar,1,Not Legendary,Ghost,Poison,1.4,40.5,600,60,65,80,170,95,130
95,Onix,1,Not Legendary,Rock,Ground,8.8,210,385,35,45,160,30,45,70
96,Drowzee,1,Not Legendary,Psychic,None,1,32.4,328,60,48,45,43,90,42
97,Hypno,1,Not Legendary,Psychic,None,1.6,75.6,483,85,73,70,73,115,67
98,Krabby,1,Not Legendary,Water,None,0.4,6.5,325,30,105,90,25,25,50
99,Kingler,1,Not Legendary,Water,None,1.3,60,475,55,130,115,50,50,75
100,Voltorb,1,Not Legendary,Electric,None,0.5,10.4,330,40,30,50,55,55,100
101,Electrode,1,Not Legendary,Electric,None,1.2,66.6,490,60,50,70,80,80,150
102,Exeggcute,1,Not Legendary,Grass,Psychic,0.4,2.5,325,60,40,80,60,45,40
103,Exeggutor,1,Not Legendary,Grass,Psychic,2,120,530,95,95,85,125,75,55
103,Alolan Exeggutor,1,Not Legendary,Grass,Dragon,10.9,415.6,530,95,105,85,125,75,45
104,Cubone,1,Not Legendary,Ground,None,0.4,6.5,320,50,50,95,40,50,35
105,Marowak,1,Not Legendary,Ground,None,1,45,425,60,80,110,50,80,45
105,Alolan Marowak,1,Not Legendary,Fire,Ghost,1,34,425,60,80,110,50,80,45
106,Hitmonlee,1,Not Legendary,Fighting,None,1.5,49.8,455,50,120,53,35,110,87
107,Hitmonchan,1,Not Legendary,Fighting,None,1.4,50.2,455,50,105,79,35,110,76
108,Lickitung,1,Not Legendary,Normal,None,1.2,65.5,385,90,55,75,60,75,30
109,Koffing,1,Not Legendary,Poison,None,0.6,1,340,40,65,95,60,45,35
110,Weezing,1,Not Legendary,Poison,None,1.2,9.5,490,65,90,120,85,70,60
110,Galarian Weezing,1,Not Legendary,Poison,Fairy,3,16,490,65,90,120,85,70,60
111,Rhyhorn,1,Not Legendary,Ground,Rock,1,115,345,80,85,95,30,30,25
112,Rhydon,1,Not Legendary,Ground,Rock,1.9,120,485,105,130,120,45,45,40
113,Chansey,1,Not Legendary,Normal,None,1.1,34.6,450,250,5,5,35,105,50
114,Tangela,1,Not Legendary,Grass,None,1,35,435,65,55,115,100,40,60
115,Kangaskhan,1,Not Legendary,Normal,None,2.2,80,490,105,95,80,40,80,90
115,Mega Kangaskhan,1,Not Legendary,Normal,None,2.2,100,590,105,125,100,60,100,100
116,Horsea,1,Not Legendary,Water,None,0.4,8,295,30,40,70,70,25,60
117,Seadra,1,Not Legendary,Water,None,1.2,25,440,55,65,95,95,45,85
118,Goldeen,1,Not Legendary,Water,None,0.6,15,320,45,67,60,35,50,63
119,Seaking,1,Not Legendary,Water,None,1.3,39,450,80,92,65,65,80,68
120,Staryu,1,Not Legendary,Water,None,0.8,34.5,340,30,45,55,70,55,85
121,Starmie,1,Not Legendary,Water,Psychic,1.1,80,520,60,75,85,100,85,115
122,Mr. Mime,1,Not Legendary,Psychic,Fairy,1.3,54.5,460,40,45,65,100,120,90
122,Galarian Mr. Mime,1,Not Legendary,Psychic,Ice,1.4,56.8,460,50,65,65,90,90,100
123,Scyther,1,Not Legendary,Bug,Flying,1.5,56,500,70,110,80,55,80,105
124,Jynx,1,Not Legendary,Ice,Psychic,1.4,40.6,455,65,50,35,115,95,95
125,Electabuzz,1,Not Legendary,Electric,None,1.1,30,490,65,83,57,95,85,105
126,Magmar,1,Not Legendary,Fire,None,1.3,44.5,495,65,95,57,100,85,93
127,Pinsir,1,Not Legendary,Bug,None,1.5,55,500,65,125,100,55,70,85
127,Mega Pinsir,1,Not Legendary,Bug,Flying,1.7,59,600,65,155,120,65,90,105
128,Tauros,1,Not Legendary,Normal,None,1.4,88.4,490,75,100,95,40,70,110
129,Magikarp,1,Not Legendary,Water,None,0.9,10,200,20,10,55,15,20,80
130,Gyarados,1,Not Legendary,Water,Flying,6.5,235,540,95,125,79,60,100,81
130,Mega Gyarados,1,Not Legendary,Water,Dark,6.5,305,640,95,155,109,70,130,81
131,Lapras,1,Not Legendary,Water,Ice,2.5,220,535,130,85,80,85,95,60
132,Ditto,1,Not Legendary,Normal,None,0.3,4,288,48,48,48,48,48,48
133,Eevee,1,Not Legendary,Normal,None,0.3,6.5,325,55,55,50,45,65,55
133,Partner Eevee,1,Not Legendary,Normal,None,0.3,6.5,435,65,75,70,65,85,75
134,Vaporeon,1,Not Legendary,Water,None,1,29,525,130,65,60,110,95,65
135,Jolteon,1,Not Legendary,Electric,None,0.8,24.5,525,65,65,60,110,95,130
136,Flareon,1,Not Legendary,Fire,None,0.9,25,525,65,130,60,95,110,65
137,Porygon,1,Not Legendary,Normal,None,0.8,36.5,395,65,60,70,85,75,40
138,Omanyte,1,Not Legendary,Rock,Water,0.4,7.5,355,35,40,100,90,55,35
139,Omastar,1,Not Legendary,Rock,Water,1,35,495,70,60,125,115,70,55
140,Kabuto,1,Not Legendary,Rock,Water,0.5,11.5,355,30,80,90,55,45,55
141,Kabutops,1,Not Legendary,Rock,Water,1.3,40.5,495,60,115,105,65,70,80
142,Aerodactyl,1,Not Legendary,Rock,Flying,1.8,59,515,80,105,65,60,75,130
142,Mega Aerodactyl,1,Not Legendary,Rock,Flying,2.1,79,615,80,135,85,70,95,150
143,Snorlax,1,Not Legendary,Normal,None,2.1,460,540,160,110,65,65,110,30
144,Articuno,1,Sub Legendary,Ice,Flying,1.7,55.4,580,90,85,100,95,125,85
145,Zapdos,1,Sub Legendary,Electric,Flying,1.6,52.6,580,90,90,85,125,90,100
146,Moltres,1,Sub Legendary,Fire,Flying,2,60,580,90,100,90,125,85,90
147,Dratini,1,Not Legendary,Dragon,None,1.8,3.3,300,41,64,45,50,50,50
148,Dragonair,1,Not Legendary,Dragon,None,4,16.5,420,61,84,65,70,70,70
149,Dragonite,1,Not Legendary,Dragon,Flying,2.2,210,600,91,134,95,100,100,80
150,Mewtwo,1,Legendary,Psychic,None,2,122,680,106,110,90,154,90,130
150,Mega Mewtwo X,1,Legendary,Psychic,Fighting,2.3,127,780,106,190,100,154,100,130
150,Mega Mewtwo Y,1,Legendary,Psychic,None,1.5,33,780,106,150,70,194,120,140
151,Mew,1,Mythical,Psychic,None,0.4,4,600,100,100,100,100,100,100
152,Chikorita,2,Not Legendary,Grass,None,0.9,6.4,318,45,49,65,49,65,45
153,Bayleef,2,Not Legendary,Grass,None,1.2,15.8,405,60,62,80,63,80,60
154,Meganium,2,Not Legendary,Grass,None,1.8,100.5,525,80,82,100,83,100,80
155,Cyndaquil,2,Not Legendary,Fire,None,0.5,7.9,309,39,52,43,60,50,65
156,Quilava,2,Not Legendary,Fire,None,0.9,19,405,58,64,58,80,65,80
157,Typhlosion,2,Not Legendary,Fire,None,1.7,79.5,534,78,84,78,109,85,100
158,Totodile,2,Not Legendary,Water,None,0.6,9.5,314,50,65,64,44,48,43
159,Croconaw,2,Not Legendary,Water,None,1.1,25,405,65,80,80,59,63,58
160,Feraligatr,2,Not Legendary,Water,None,2.3,88.8,530,85,105,100,79,83,78
161,Sentret,2,Not Legendary,Normal,None,0.8,6,215,35,46,34,35,45,20
162,Furret,2,Not Legendary,Normal,None,1.8,32.5,415,85,76,64,45,55,90
163,Hoothoot,2,Not Legendary,Normal,Flying,0.7,21.2,262,60,30,30,36,56,50
164,Noctowl,2,Not Legendary,Normal,Flying,1.6,40.8,452,100,50,50,86,96,70
165,Ledyba,2,Not Legendary,Bug,Flying,1,10.8,265,40,20,30,40,80,55
166,Ledian,2,Not Legendary,Bug,Flying,1.4,35.6,390,55,35,50,55,110,85
167,Spinarak,2,Not Legendary,Bug,Poison,0.5,8.5,250,40,60,40,40,40,30
168,Ariados,2,Not Legendary,Bug,Poison,1.1,33.5,400,70,90,70,60,70,40
169,Crobat,2,Not Legendary,Poison,Flying,1.8,75,535,85,90,80,70,80,130
170,Chinchou,2,Not Legendary,Water,Electric,0.5,12,330,75,38,38,56,56,67
171,Lanturn,2,Not Legendary,Water,Electric,1.2,22.5,460,125,58,58,76,76,67
172,Pichu,2,Not Legendary,Electric,None,0.3,2,205,20,40,15,35,35,60
173,Cleffa,2,Not Legendary,Fairy,None,0.3,3,218,50,25,28,45,55,15
174,Igglybuff,2,Not Legendary,Normal,Fairy,0.3,1,210,90,30,15,40,20,15
175,Togepi,2,Not Legendary,Fairy,None,0.3,1.5,245,35,20,65,40,65,20
176,Togetic,2,Not Legendary,Fairy,Flying,0.6,3.2,405,55,40,85,80,105,40
177,Natu,2,Not Legendary,Psychic,Flying,0.2,2,320,40,50,45,70,45,70
178,Xatu,2,Not Legendary,Psychic,Flying,1.5,15,470,65,75,70,95,70,95
179,Mareep,2,Not Legendary,Electric,None,0.6,7.8,280,55,40,40,65,45,35
180,Flaaffy,2,Not Legendary,Electric,None,0.8,13.3,365,70,55,55,80,60,45
181,Ampharos,2,Not Legendary,Electric,None,1.4,61.5,510,90,75,85,115,90,55
181,Mega Ampharos,2,Not Legendary,Electric,Dragon,1.4,61.5,610,90,95,105,165,110,45
182,Bellossom,2,Not Legendary,Grass,None,0.4,5.8,490,75,80,95,90,100,50
183,Marill,2,Not Legendary,Water,Fairy,0.4,8.5,250,70,20,50,20,50,40
184,Azumarill,2,Not Legendary,Water,Fairy,0.8,28.5,420,100,50,80,60,80,50
185,Sudowoodo,2,Not Legendary,Rock,None,1.2,38,410,70,100,115,30,65,30
186,Politoed,2,Not Legendary,Water,None,1.1,33.9,500,90,75,75,90,100,70
187,Hoppip,2,Not Legendary,Grass,Flying,0.4,0.5,250,35,35,40,35,55,50
188,Skiploom,2,Not Legendary,Grass,Flying,0.6,1,340,55,45,50,45,65,80
189,Jumpluff,2,Not Legendary,Grass,Flying,0.8,3,460,75,55,70,55,95,110
190,Aipom,2,Not Legendary,Normal,None,0.8,11.5,360,55,70,55,40,55,85
191,Sunkern,2,Not Legendary,Grass,None,0.3,1.8,180,30,30,30,30,30,30
192,Sunflora,2,Not Legendary,Grass,None,0.8,8.5,425,75,75,55,105,85,30
193,Yanma,2,Not Legendary,Bug,Flying,1.2,38,390,65,65,45,75,45,95
194,Wooper,2,Not Legendary,Water,Ground,0.4,8.5,210,55,45,45,25,25,15
195,Quagsire,2,Not Legendary,Water,Ground,1.4,75,430,95,85,85,65,65,35
196,Espeon,2,Not Legendary,Psychic,None,0.9,26.5,525,65,65,60,130,95,110
197,Umbreon,2,Not Legendary,Dark,None,1,27,525,95,65,110,60,130,65
198,Murkrow,2,Not Legendary,Dark,Flying,0.5,2.1,405,60,85,42,85,42,91
199,Slowking,2,Not Legendary,Water,Psychic,2,79.5,490,95,75,80,100,110,30
200,Misdreavus,2,Not Legendary,Ghost,None,0.7,1,435,60,60,60,85,85,85
201,Unown,2,Not Legendary,Psychic,None,0.5,5,336,48,72,48,72,48,48
202,Wobbuffet,2,Not Legendary,Psychic,None,1.3,28.5,405,190,33,58,33,58,33
203,Girafarig,2,Not Legendary,Normal,Psychic,1.5,41.5,455,70,80,65,90,65,85
204,Pineco,2,Not Legendary,Bug,None,0.6,7.2,290,50,65,90,35,35,15
205,Forretress,2,Not Legendary,Bug,Steel,1.2,125.8,465,75,90,140,60,60,40
206,Dunsparce,2,Not Legendary,Normal,None,1.5,14,415,100,70,70,65,65,45
207,Gligar,2,Not Legendary,Ground,Flying,1.1,64.8,430,65,75,105,35,65,85
208,Steelix,2,Not Legendary,Steel,Ground,9.2,400,510,75,85,200,55,65,30
208,Mega Steelix,2,Not Legendary,Steel,Ground,10.5,740,610,75,125,230,55,95,30
209,Snubbull,2,Not Legendary,Fairy,None,0.6,7.8,300,60,80,50,40,40,30
210,Granbull,2,Not Legendary,Fairy,None,1.4,48.7,450,90,120,75,60,60,45
211,Qwilfish,2,Not Legendary,Water,Poison,0.5,3.9,440,65,95,85,55,55,85
212,Scizor,2,Not Legendary,Bug,Steel,1.8,118,500,70,130,100,55,80,65
212,Mega Scizor,2,Not Legendary,Bug,Steel,2,125,600,70,150,140,65,100,75
213,Shuckle,2,Not Legendary,Bug,Rock,0.6,20.5,505,20,10,230,10,230,5
214,Heracross,2,Not Legendary,Bug,Fighting,1.5,54,500,80,125,75,40,95,85
214,Mega Heracross,2,Not Legendary,Bug,Fighting,1.7,62.5,600,80,185,115,40,105,75
215,Sneasel,2,Not Legendary,Dark,Ice,0.9,28,430,55,95,55,35,75,115
216,Teddiursa,2,Not Legendary,Normal,None,0.6,8.8,330,60,80,50,50,50,40
217,Ursaring,2,Not Legendary,Normal,None,1.8,125.8,500,90,130,75,75,75,55
218,Slugma,2,Not Legendary,Fire,None,0.7,35,250,40,40,40,70,40,20
219,Magcargo,2,Not Legendary,Fire,Rock,0.8,55,430,60,50,120,90,80,30
220,Swinub,2,Not Legendary,Ice,Ground,0.4,6.5,250,50,50,40,30,30,50
221,Piloswine,2,Not Legendary,Ice,Ground,1.1,55.8,450,100,100,80,60,60,50
222,Corsola,2,Not Legendary,Water,Rock,0.6,5,410,65,55,95,65,95,35
222,Galarian Corsola,2,Not Legendary,Ghost,None,0.6,0.5,410,60,55,100,65,100,30
223,Remoraid,2,Not Legendary,Water,None,0.6,12,300,35,65,35,65,35,65
224,Octillery,2,Not Legendary,Water,None,0.9,28.5,480,75,105,75,105,75,45
225,Delibird,2,Not Legendary,Ice,Flying,0.9,16,330,45,55,45,65,45,75
226,Mantine,2,Not Legendary,Water,Flying,2.1,220,485,85,40,70,80,140,70
227,Skarmory,2,Not Legendary,Steel,Flying,1.7,50.5,465,65,80,140,40,70,70
228,Houndour,2,Not Legendary,Dark,Fire,0.6,10.8,330,45,60,30,80,50,65
229,Houndoom,2,Not Legendary,Dark,Fire,1.4,35,500,75,90,50,110,80,95
229,Mega Houndoom,2,Not Legendary,Dark,Fire,1.9,49.5,600,75,90,90,140,90,115
230,Kingdra,2,Not Legendary,Water,Dragon,1.8,152,540,75,95,95,95,95,85
231,Phanpy,2,Not Legendary,Ground,None,0.5,33.5,330,90,60,60,40,40,40
232,Donphan,2,Not Legendary,Ground,None,1.1,120,500,90,120,120,60,60,50
233,Porygon2,2,Not Legendary,Normal,None,0.6,32.5,515,85,80,90,105,95,60
234,Stantler,2,Not Legendary,Normal,None,1.4,71.2,465,73,95,62,85,65,85
235,Smeargle,2,Not Legendary,Normal,None,1.2,58,250,55,20,35,20,45,75
236,Tyrogue,2,Not Legendary,Fighting,None,0.7,21,210,35,35,35,35,35,35
237,Hitmontop,2,Not Legendary,Fighting,None,1.4,48,455,50,95,95,35,110,70
238,Smoochum,2,Not Legendary,Ice,Psychic,0.4,6,305,45,30,15,85,65,65
239,Elekid,2,Not Legendary,Electric,None,0.6,23.5,360,45,63,37,65,55,95
240,Magby,2,Not Legendary,Fire,None,0.7,21.4,365,45,75,37,70,55,83
241,Miltank,2,Not Legendary,Normal,None,1.2,75.5,490,95,80,105,40,70,100
242,Blissey,2,Not Legendary,Normal,None,1.5,46.8,540,255,10,10,75,135,55
243,Raikou,2,Sub Legendary,Electric,None,1.9,178,580,90,85,75,115,100,115
244,Entei,2,Sub Legendary,Fire,None,2.1,198,580,115,115,85,90,75,100
245,Suicune,2,Sub Legendary,Water,None,2,187,580,100,75,115,90,115,85
246,Larvitar,2,Not Legendary,Rock,Ground,0.6,72,300,50,64,50,45,50,41
247,Pupitar,2,Not Legendary,Rock,Ground,1.2,152,410,70,84,70,65,70,51
248,Tyranitar,2,Not Legendary,Rock,Dark,2,202,600,100,134,110,95,100,61
248,Mega Tyranitar,2,Not Legendary,Rock,Dark,2.5,255,700,100,164,150,95,120,71
249,Lugia,2,Legendary,Psychic,Flying,5.2,216,680,106,90,130,90,154,110
250,Ho-oh,2,Legendary,Fire,Flying,3.8,199,680,106,130,90,110,154,90
251,Celebi,2,Mythical,Psychic,Grass,0.6,5,600,100,100,100,100,100,100
252,Treecko,3,Not Legendary,Grass,None,0.5,5,310,40,45,35,65,55,70
253,Grovyle,3,Not Legendary,Grass,None,0.9,21.6,405,50,65,45,85,65,95
254,Sceptile,3,Not Legendary,Grass,None,1.7,52.2,530,70,85,65,105,85,120
254,Mega Sceptile,3,Not Legendary,Grass,Dragon,1.9,55.2,630,70,110,75,145,85,145
255,Torchic,3,Not Legendary,Fire,None,0.4,2.5,310,45,60,40,70,50,45
256,Combusken,3,Not Legendary,Fire,Fighting,0.9,19.5,405,60,85,60,85,60,55
257,Blaziken,3,Not Legendary,Fire,Fighting,1.9,52,530,80,120,70,110,70,80
257,Mega Blaziken,3,Not Legendary,Fire,Fighting,1.9,52,630,80,160,80,130,80,100
258,Mudkip,3,Not Legendary,Water,None,0.4,7.6,310,50,70,50,50,50,40
259,Marshtomp,3,Not Legendary,Water,Ground,0.7,28,405,70,85,70,60,70,50
260,Swampert,3,Not Legendary,Water,Ground,1.5,81.9,535,100,110,90,85,90,60
260,Mega Swampert,3,Not Legendary,Water,Ground,1.9,102,635,100,150,110,95,110,70
261,Poochyena,3,Not Legendary,Dark,None,0.5,13.6,220,35,55,35,30,30,35
262,Mightyena,3,Not Legendary,Dark,None,1,37,420,70,90,70,60,60,70
263,Zigzagoon,3,Not Legendary,Normal,None,0.4,17.5,240,38,30,41,30,41,60
263,Galarian Zigzagoon,3,Not Legendary,Dark,Normal,0.4,17.5,240,38,30,41,30,41,60
264,Linoone,3,Not Legendary,Normal,None,0.5,32.5,420,78,70,61,50,61,100
264,Galarian Linoone,3,Not Legendary,Dark,Normal,0.5,32.5,420,78,70,61,50,61,100
265,Wurmple,3,Not Legendary,Bug,None,0.3,3.6,195,45,45,35,20,30,20
266,Silcoon,3,Not Legendary,Bug,None,0.6,10,205,50,35,55,25,25,15
267,Beautifly,3,Not Legendary,Bug,Flying,1,28.4,395,60,70,50,100,50,65
268,Cascoon,3,Not Legendary,Bug,None,0.7,11.5,205,50,35,55,25,25,15
269,Dustox,3,Not Legendary,Bug,Poison,1.2,31.6,385,60,50,70,50,90,65
270,Lotad,3,Not Legendary,Water,Grass,0.5,2.6,220,40,30,30,40,50,30
271,Lombre,3,Not Legendary,Water,Grass,1.2,32.5,340,60,50,50,60,70,50
272,Ludicolo,3,Not Legendary,Water,Grass,1.5,55,480,80,70,70,90,100,70
273,Seedot,3,Not Legendary,Grass,None,0.5,4,220,40,40,50,30,30,30
274,Nuzleaf,3,Not Legendary,Grass,Dark,1,28,340,70,70,40,60,40,60
275,Shiftry,3,Not Legendary,Grass,Dark,1.3,59.6,480,90,100,60,90,60,80
276,Taillow,3,Not Legendary,Normal,Flying,0.3,2.3,270,40,55,30,30,30,85
277,Swellow,3,Not Legendary,Normal,Flying,0.7,19.8,455,60,85,60,75,50,125
278,Wingull,3,Not Legendary,Water,Flying,0.6,9.5,270,40,30,30,55,30,85
279,Pelipper,3,Not Legendary,Water,Flying,1.2,28,440,60,50,100,95,70,65
280,Ralts,3,Not Legendary,Psychic,Fairy,0.4,6.6,198,28,25,25,45,35,40
281,Kirlia,3,Not Legendary,Psychic,Fairy,0.8,20.2,278,38,35,35,65,55,50
282,Gardevoir,3,Not Legendary,Psychic,Fairy,1.6,48.4,518,68,65,65,125,115,80
282,Mega Gardevoir,3,Not Legendary,Psychic,Fairy,1.6,48.4,618,68,85,65,165,135,100
283,Surskit,3,Not Legendary,Bug,Water,0.5,1.7,269,40,30,32,50,52,65
284,Masquerain,3,Not Legendary,Bug,Flying,0.8,3.6,454,70,60,62,100,82,80
285,Shroomish,3,Not Legendary,Grass,None,0.4,4.5,295,60,40,60,40,60,35
286,Breloom,3,Not Legendary,Grass,Fighting,1.2,39.2,460,60,130,80,60,60,70
287,Slakoth,3,Not Legendary,Normal,None,0.8,24,280,60,60,60,35,35,30
288,Vigoroth,3,Not Legendary,Normal,None,1.4,46.5,440,80,80,80,55,55,90
289,Slaking,3,Not Legendary,Normal,None,2,130.5,670,150,160,100,95,65,100
290,Nincada,3,Not Legendary,Bug,Ground,0.5,5.5,266,31,45,90,30,30,40
291,Ninjask,3,Not Legendary,Bug,Flying,0.8,12,456,61,90,45,50,50,160
292,Shedinja,3,Not Legendary,Bug,Ghost,0.8,1.2,236,1,90,45,30,30,40
293,Whismur,3,Not Legendary,Normal,None,0.6,16.3,240,64,51,23,51,23,28
294,Loudred,3,Not Legendary,Normal,None,1,40.5,360,84,71,43,71,43,48
295,Exploud,3,Not Legendary,Normal,None,1.5,84,490,104,91,63,91,73,68
296,Makuhita,3,Not Legendary,Fighting,None,1,86.4,237,72,60,30,20,30,25
297,Hariyama,3,Not Legendary,Fighting,None,2.3,253.8,474,144,120,60,40,60,50
298,Azurill,3,Not Legendary,Normal,Fairy,0.2,2,190,50,20,40,20,40,20
299,Nosepass,3,Not Legendary,Rock,None,1,97,375,30,45,135,45,90,30
300,Skitty,3,Not Legendary,Normal,None,0.6,11,260,50,45,45,35,35,50
301,Delcatty,3,Not Legendary,Normal,None,1.1,32.6,400,70,65,65,55,55,90
302,Sableye,3,Not Legendary,Dark,Ghost,0.5,11,380,50,75,75,65,65,50
302,Mega Sableye,3,Not Legendary,Dark,Ghost,0.5,161,480,50,85,125,85,115,20
303,Mawile,3,Not Legendary,Steel,Fairy,0.6,11.5,380,50,85,85,55,55,50
303,Mega Mawile,3,Not Legendary,Steel,Fairy,1,23.5,480,50,105,125,55,95,50
304,Aron,3,Not Legendary,Steel,Rock,0.4,60,330,50,70,100,40,40,30
305,Lairon,3,Not Legendary,Steel,Rock,0.9,120,430,60,90,140,50,50,40
306,Aggron,3,Not Legendary,Steel,Rock,2.1,360,530,70,110,180,60,60,50
306,Mega Aggron,3,Not Legendary,Steel,None,2.2,395,630,70,140,230,60,80,50
307,Meditite,3,Not Legendary,Fighting,Psychic,0.6,11.2,280,30,40,55,40,55,60
308,Medicham,3,Not Legendary,Fighting,Psychic,1.3,31.5,410,60,60,75,60,75,80
308,Mega Medicham,3,Not Legendary,Fighting,Psychic,1.3,31.5,510,60,100,85,80,85,100
309,Electrike,3,Not Legendary,Electric,None,0.6,15.2,295,40,45,40,65,40,65
310,Manectric,3,Not Legendary,Electric,None,1.5,40.2,475,70,75,60,105,60,105
310,Mega Manectric,3,Not Legendary,Electric,None,1.8,44,575,70,75,80,135,80,135
311,Plusle,3,Not Legendary,Electric,None,0.4,4.2,405,60,50,40,85,75,95
312,Minun,3,Not Legendary,Electric,None,0.4,4.2,405,60,40,50,75,85,95
313,Volbeat,3,Not Legendary,Bug,None,0.7,17.7,430,65,73,75,47,85,85
314,Illumise,3,Not Legendary,Bug,None,0.6,17.7,430,65,47,75,73,85,85
315,Roselia,3,Not Legendary,Grass,Poison,0.3,2,400,50,60,45,100,80,65
316,Gulpin,3,Not Legendary,Poison,None,0.4,10.3,302,70,43,53,43,53,40
317,Swalot,3,Not Legendary,Poison,None,1.7,80,467,100,73,83,73,83,55
318,Carvanha,3,Not Legendary,Water,Dark,0.8,20.8,305,45,90,20,65,20,65
319,Sharpedo,3,Not Legendary,Water,Dark,1.8,88.8,460,70,120,40,95,40,95
319,Mega Sharpedo,3,Not Legendary,Water,Dark,2.5,130.3,560,70,140,70,110,65,105
320,Wailmer,3,Not Legendary,Water,None,2,130,400,130,70,35,70,35,60
321,Wailord,3,Not Legendary,Water,None,14.5,398,500,170,90,45,90,45,60
322,Numel,3,Not Legendary,Fire,Ground,0.7,24,305,60,60,40,65,45,35
323,Camerupt,3,Not Legendary,Fire,Ground,1.9,220,460,70,100,70,105,75,40
323,Mega Camerupt,3,Not Legendary,Fire,Ground,2.5,320.5,560,70,120,100,145,105,20
324,Torkoal,3,Not Legendary,Fire,None,0.5,80.4,470,70,85,140,85,70,20
325,Spoink,3,Not Legendary,Psychic,None,0.7,30.6,330,60,25,35,70,80,60
326,Grumpig,3,Not Legendary,Psychic,None,0.9,71.5,470,80,45,65,90,110,80
327,Spinda,3,Not Legendary,Normal,None,1.1,5,360,60,60,60,60,60,60
328,Trapinch,3,Not Legendary,Ground,None,0.7,15,290,45,100,45,45,45,10
329,Vibrava,3,Not Legendary,Ground,Dragon,1.1,15.3,340,50,70,50,50,50,70
330,Flygon,3,Not Legendary,Ground,Dragon,2,82,520,80,100,80,80,80,100
331,Cacnea,3,Not Legendary,Grass,None,0.4,51.3,335,50,85,40,85,40,35
332,Cacturne,3,Not Legendary,Grass,Dark,1.3,77.4,475,70,115,60,115,60,55
333,Swablu,3,Not Legendary,Normal,Flying,0.4,1.2,310,45,40,60,40,75,50
334,Altaria,3,Not Legendary,Dragon,Flying,1.1,20.6,490,75,70,90,70,105,80
334,Mega Altaria,3,Not Legendary,Dragon,Fairy,1.5,20.6,590,75,110,110,110,105,80
335,Zangoose,3,Not Legendary,Normal,None,1.3,40.3,458,73,115,60,60,60,90
336,Seviper,3,Not Legendary,Poison,None,2.7,52.5,458,73,100,60,100,60,65
337,Lunatone,3,Not Legendary,Rock,Psychic,1,168,460,90,55,65,95,85,70
338,Solrock,3,Not Legendary,Rock,Psychic,1.2,154,460,90,95,85,55,65,70
339,Barboach,3,Not Legendary,Water,Ground,0.4,1.9,288,50,48,43,46,41,60
340,Whiscash,3,Not Legendary,Water,Ground,0.9,23.6,468,110,78,73,76,71,60
341,Corphish,3,Not Legendary,Water,None,0.6,11.5,308,43,80,65,50,35,35
342,Crawdaunt,3,Not Legendary,Water,Dark,1.1,32.8,468,63,120,85,90,55,55
343,Baltoy,3,Not Legendary,Ground,Psychic,0.5,21.5,300,40,40,55,40,70,55
344,Claydol,3,Not Legendary,Ground,Psychic,1.5,108,500,60,70,105,70,120,75
345,Lileep,3,Not Legendary,Rock,Grass,1,23.8,355,66,41,77,61,87,23
346,Cradily,3,Not Legendary,Rock,Grass,1.5,60.4,495,86,81,97,81,107,43
347,Anorith,3,Not Legendary,Rock,Bug,0.7,12.5,355,45,95,50,40,50,75
348,Armaldo,3,Not Legendary,Rock,Bug,1.5,68.2,495,75,125,100,70,80,45
349,Feebas,3,Not Legendary,Water,None,0.6,7.4,200,20,15,20,10,55,80
350,Milotic,3,Not Legendary,Water,None,6.2,162,540,95,60,79,100,125,81
351,Castform,3,Not Legendary,Normal,None,0.3,0.8,420,70,70,70,70,70,70
351,Castform Sunny Form,3,Not Legendary,Fire,None,0.3,0.8,420,70,70,70,70,70,70
351,Castform Rainy Form,3,Not Legendary,Water,None,0.3,0.8,420,70,70,70,70,70,70
351,Castform Snowy Form,3,Not Legendary,Ice,None,0.3,0.8,420,70,70,70,70,70,70
352,Kecleon,3,Not Legendary,Normal,None,1,22,440,60,90,70,60,120,40
353,Shuppet,3,Not Legendary,Ghost,None,0.6,2.3,295,44,75,35,63,33,45
354,Banette,3,Not Legendary,Ghost,None,1.1,12.5,455,64,115,65,83,63,65
354,Mega Banette,3,Not Legendary,Ghost,None,1.2,13,555,64,165,75,93,83,75
355,Duskull,3,Not Legendary,Ghost,None,0.8,15,295,20,40,90,30,90,25
356,Dusclops,3,Not Legendary,Ghost,None,1.6,30.6,455,40,70,130,60,130,25
357,Tropius,3,Not Legendary,Grass,Flying,2,100,460,99,68,83,72,87,51
358,Chimecho,3,Not Legendary,Psychic,None,0.6,1,455,75,50,80,95,90,65
359,Absol,3,Not Legendary,Dark,None,1.2,47,465,65,130,60,75,60,75
359,Mega Absol,3,Not Legendary,Dark,None,1.2,49,565,65,150,60,115,60,115
360,Wynaut,3,Not Legendary,Psychic,None,0.6,14,260,95,23,48,23,48,23
361,Snorunt,3,Not Legendary,Ice,None,0.7,16.8,300,50,50,50,50,50,50
362,Glalie,3,Not Legendary,Ice,None,1.5,256.5,480,80,80,80,80,80,80
362,Mega Glalie,3,Not Legendary,Ice,None,2.1,350.2,580,80,120,80,120,80,100
363,Spheal,3,Not Legendary,Ice,Water,0.8,39.5,290,70,40,50,55,50,25
364,Sealeo,3,Not Legendary,Ice,Water,1.1,87.6,410,90,60,70,75,70,45
365,Walrein,3,Not Legendary,Ice,Water,1.4,150.6,530,110,80,90,95,90,65
366,Clamperl,3,Not Legendary,Water,None,0.4,52.5,345,35,64,85,74,55,32
367,Huntail,3,Not Legendary,Water,None,1.7,27,485,55,104,105,94,75,52
368,Gorebyss,3,Not Legendary,Water,None,1.8,22.6,485,55,84,105,114,75,52
369,Relicanth,3,Not Legendary,Water,Rock,1,23.4,485,100,90,130,45,65,55
370,Luvdisc,3,Not Legendary,Water,None,0.6,8.7,330,43,30,55,40,65,97
371,Bagon,3,Not Legendary,Dragon,None,0.6,42.1,300,45,75,60,40,30,50
372,Shelgon,3,Not Legendary,Dragon,None,1.1,110.5,420,65,95,100,60,50,50
373,Salamence,3,Not Legendary,Dragon,Flying,1.5,102.6,600,95,135,80,110,80,100
373,Mega Salamence,3,Not Legendary,Dragon,Flying,1.8,112.6,700,95,145,130,120,90,120
374,Beldum,3,Not Legendary,Steel,Psychic,0.6,95.2,300,40,55,80,35,60,30
375,Metang,3,Not Legendary,Steel,Psychic,1.2,202.5,420,60,75,100,55,80,50
376,Metagross,3,Not Legendary,Steel,Psychic,1.6,550,600,80,135,130,95,90,70
376,Mega Metagross,3,Not Legendary,Steel,Psychic,2.5,942.9,700,80,145,150,105,110,110
377,Regirock,3,Sub Legendary,Rock,None,1.7,230,580,80,100,200,50,100,50
378,Regice,3,Sub Legendary,Ice,None,1.8,175,580,80,50,100,100,200,50
379,Registeel,3,Sub Legendary,Steel,None,1.9,205,580,80,75,150,75,150,50
380,Latias,3,Sub Legendary,Dragon,Psychic,1.4,40,600,80,80,90,110,130,110
380,Mega Latias,3,Sub Legendary,Dragon,Psychic,1.8,52,700,80,100,120,140,150,110
381,Latios,3,Sub Legendary,Dragon,Psychic,2,60,600,80,90,80,130,110,110
381,Mega Latios,3,Sub Legendary,Dragon,Psychic,2.3,70,700,80,130,100,160,120,110
382,Kyogre,3,Legendary,Water,None,4.5,352,670,100,100,90,150,140,90
382,Primal Kyogre,3,Legendary,Water,None,9.8,430,770,100,150,90,180,160,90
383,Groudon,3,Legendary,Ground,None,3.5,950,670,100,150,140,100,90,90
383,Primal Groudon,3,Legendary,Ground,Fire,5,999.7,770,100,180,160,150,90,90
384,Rayquaza,3,Legendary,Dragon,Flying,7,206.5,680,105,150,90,150,90,95
384,Mega Rayquaza,3,Legendary,Dragon,Flying,10.8,392,780,105,180,100,180,100,115
385,Jirachi,3,Mythical,Steel,Psychic,0.3,1.1,600,100,100,100,100,100,100
386,Deoxys Normal Forme,3,Mythical,Psychic,None,1.7,60.8,600,50,150,50,150,50,150
386,Deoxys Attack Forme,3,Mythical,Psychic,None,1.7,60.8,600,50,180,20,180,20,150
386,Deoxys Defense Forme,3,Mythical,Psychic,None,1.7,60.8,600,50,70,160,70,160,90
386,Deoxys Speed Forme,3,Mythical,Psychic,None,1.7,60.8,600,50,95,90,95,90,180
387,Turtwig,4,Not Legendary,Grass,None,0.4,10.2,318,55,68,64,45,55,31
388,Grotle,4,Not Legendary,Grass,None,1.1,97,405,75,89,85,55,65,36
389,Torterra,4,Not Legendary,Grass,Ground,2.2,310,525,95,109,105,75,85,56
390,Chimchar,4,Not Legendary,Fire,None,0.5,6.2,309,44,58,44,58,44,61
391,Monferno,4,Not Legendary,Fire,Fighting,0.9,22,405,64,78,52,78,52,81
392,Infernape,4,Not Legendary,Fire,Fighting,1.2,55,534,76,104,71,104,71,108
393,Piplup,4,Not Legendary,Water,None,0.4,5.2,314,53,51,53,61,56,40
394,Prinplup,4,Not Legendary,Water,None,0.8,23,405,64,66,68,81,76,50
395,Empoleon,4,Not Legendary,Water,Steel,1.7,84.5,530,84,86,88,111,101,60
396,Starly,4,Not Legendary,Normal,Flying,0.3,2,245,40,55,30,30,30,60
397,Staravia,4,Not Legendary,Normal,Flying,0.6,15.5,340,55,75,50,40,40,80
398,Staraptor,4,Not Legendary,Normal,Flying,1.2,24.9,485,85,120,70,50,60,100
399,Bidoof,4,Not Legendary,Normal,None,0.5,20,250,59,45,40,35,40,31
400,Bibarel,4,Not Legendary,Normal,Water,1,31.5,410,79,85,60,55,60,71
401,Kricketot,4,Not Legendary,Bug,None,0.3,2.2,194,37,25,41,25,41,25
402,Kricketune,4,Not Legendary,Bug,None,1,25.5,384,77,85,51,55,51,65
403,Shinx,4,Not Legendary,Electric,None,0.5,9.5,263,45,65,34,40,34,45
404,Luxio,4,Not Legendary,Electric,None,0.9,30.5,363,60,85,49,60,49,60
405,Luxray,4,Not Legendary,Electric,None,1.4,42,523,80,120,79,95,79,70
406,Budew,4,Not Legendary,Grass,Poison,0.2,1.2,280,40,30,35,50,70,55
407,Roserade,4,Not Legendary,Grass,Poison,0.9,14.5,515,60,70,65,125,105,90
408,Cranidos,4,Not Legendary,Rock,None,0.9,31.5,350,67,125,40,30,30,58
409,Rampardos,4,Not Legendary,Rock,None,1.6,102.5,495,97,165,60,65,50,58
410,Shieldon,4,Not Legendary,Rock,Steel,0.5,57,350,30,42,118,42,88,30
411,Bastiodon,4,Not Legendary,Rock,Steel,1.3,149.5,495,60,52,168,47,138,30
412,Burmy,4,Not Legendary,Bug,None,0.2,3.4,224,40,29,45,29,45,36
413,Wormadam Plant Cloak,4,Not Legendary,Bug,Grass,0.5,6.5,424,60,59,85,79,105,36
413,Wormadam Sandy Cloak,4,Not Legendary,Bug,Ground,0.5,6.5,424,60,79,105,59,85,36
413,Wormadam Trash Cloak,4,Not Legendary,Bug,Steel,0.5,6.5,424,60,69,95,69,95,36
414,Mothim,4,Not Legendary,Bug,Flying,0.9,23.3,424,70,94,50,94,50,66
415,Combee,4,Not Legendary,Bug,Flying,0.3,5.5,244,30,30,42,30,42,70
416,Vespiquen,4,Not Legendary,Bug,Flying,1.2,38.5,474,70,80,102,80,102,40
417,Pachirisu,4,Not Legendary,Electric,None,0.4,3.9,405,60,45,70,45,90,95
418,Buizel,4,Not Legendary,Water,None,0.7,29.5,330,55,65,35,60,30,85
419,Floatzel,4,Not Legendary,Water,None,1.1,33.5,495,85,105,55,85,50,115
420,Cherubi,4,Not Legendary,Grass,None,0.4,3.3,275,45,35,45,62,53,35
421,Cherrim,4,Not Legendary,Grass,None,0.5,9.3,450,70,60,70,87,78,85
422,Shellos,4,Not Legendary,Water,None,0.3,6.3,325,76,48,48,57,62,34
423,Gastrodon,4,Not Legendary,Water,Ground,0.9,29.9,475,111,83,68,92,82,39
424,Ambipom,4,Not Legendary,Normal,None,1.2,20.3,482,75,100,66,60,66,115
425,Drifloon,4,Not Legendary,Ghost,Flying,0.4,1.2,348,90,50,34,60,44,70
426,Drifblim,4,Not Legendary,Ghost,Flying,1.2,15,498,150,80,44,90,54,80
427,Buneary,4,Not Legendary,Normal,None,0.4,5.5,350,55,66,44,44,56,85
428,Lopunny,4,Not Legendary,Normal,None,1.2,33.3,480,65,76,84,54,96,105
428,Mega Lopunny,4,Not Legendary,Normal,Fighting,1.3,28.3,580,65,136,94,54,96,135
429,Mismagius,4,Not Legendary,Ghost,None,0.9,4.4,495,60,60,60,105,105,105
430,Honchkrow,4,Not Legendary,Dark,Flying,0.9,27.3,505,100,125,52,105,52,71
431,Glameow,4,Not Legendary,Normal,None,0.5,3.9,310,49,55,42,42,37,85
432,Purugly,4,Not Legendary,Normal,None,1,43.8,452,71,82,64,64,59,112
433,Chingling,4,Not Legendary,Psychic,None,0.2,0.6,285,45,30,50,65,50,45
434,Stunky,4,Not Legendary,Poison,Dark,0.4,19.2,329,63,63,47,41,41,74
435,Skuntank,4,Not Legendary,Poison,Dark,1,38,479,103,93,67,71,61,84
436,Bronzor,4,Not Legendary,Steel,Psychic,0.5,60.5,300,57,24,86,24,86,23
437,Bronzong,4,Not Legendary,Steel,Psychic,1.3,187,500,67,89,116,79,116,33
438,Bonsly,4,Not Legendary,Rock,None,0.5,15,290,50,80,95,10,45,10
439,Mime Jr.,4,Not Legendary,Psychic,Fairy,0.6,13,310,20,25,45,70,90,60
440,Happiny,4,Not Legendary,Normal,None,0.6,24.4,220,100,5,5,15,65,30
441,Chatot,4,Not Legendary,Normal,Flying,0.5,1.9,411,76,65,45,92,42,91
442,Spiritomb,4,Not Legendary,Ghost,Dark,1,108,485,50,92,108,92,108,35
443,Gible,4,Not Legendary,Dragon,Ground,0.7,20.5,300,58,70,45,40,45,42
444,Gabite,4,Not Legendary,Dragon,Ground,1.4,56,410,68,90,65,50,55,82
445,Garchomp,4,Not Legendary,Dragon,Ground,1.9,95,600,108,130,95,80,85,102
445,Mega Garchomp,4,Not Legendary,Dragon,Ground,1.9,95,700,108,170,115,120,95,92
446,Munchlax,4,Not Legendary,Normal,None,0.6,105,390,135,85,40,40,85,5
447,Riolu,4,Not Legendary,Fighting,None,0.7,20.2,285,40,70,40,35,40,60
448,Lucario,4,Not Legendary,Fighting,Steel,1.2,54,525,70,110,70,115,70,90
448,Mega Lucario,4,Not Legendary,Fighting,Steel,1.3,57.5,625,70,145,88,140,70,112
449,Hippopotas,4,Not Legendary,Ground,None,0.8,49.5,330,68,72,78,38,42,32
450,Hippowdon,4,Not Legendary,Ground,None,2,300,525,108,112,118,68,72,47
451,Skorupi,4,Not Legendary,Poison,Bug,0.8,12,330,40,50,90,30,55,65
452,Drapion,4,Not Legendary,Poison,Dark,1.3,61.5,500,70,90,110,60,75,95
453,Croagunk,4,Not Legendary,Poison,Fighting,0.7,23,300,48,61,40,61,40,50
454,Toxicroak,4,Not Legendary,Poison,Fighting,1.3,44.4,490,83,106,65,86,65,85
455,Carnivine,4,Not Legendary,Grass,None,1.4,27,454,74,100,72,90,72,46
456,Finneon,4,Not Legendary,Water,None,0.4,7,330,49,49,56,49,61,66
457,Lumineon,4,Not Legendary,Water,None,1.2,24,460,69,69,76,69,86,91
458,Mantyke,4,Not Legendary,Water,Flying,1,65,345,45,20,50,60,120,50
459,Snover,4,Not Legendary,Grass,Ice,1,50.5,334,60,62,50,62,60,40
460,Abomasnow,4,Not Legendary,Grass,Ice,2.2,135.5,494,90,92,75,92,85,60
460,Mega Abomasnow,4,Not Legendary,Grass,Ice,2.7,185,594,90,132,105,132,105,30
461,Weavile,4,Not Legendary,Dark,Ice,1.1,34,510,70,120,65,45,85,125
462,Magnezone,4,Not Legendary,Electric,Steel,1.2,180,535,70,70,115,130,90,60
463,Lickilicky,4,Not Legendary,Normal,None,1.7,140,515,110,85,95,80,95,50
464,Rhyperior,4,Not Legendary,Ground,Rock,2.4,282.8,535,115,140,130,55,55,40
465,Tangrowth,4,Not Legendary,Grass,None,2,128.6,535,100,100,125,110,50,50
466,Electivire,4,Not Legendary,Electric,None,1.8,138.6,540,75,123,67,95,85,95
467,Magmortar,4,Not Legendary,Fire,None,1.6,68,540,75,95,67,125,95,83
468,Togekiss,4,Not Legendary,Fairy,Flying,1.5,38,545,85,50,95,120,115,80
469,Yanmega,4,Not Legendary,Bug,Flying,1.9,51.5,515,86,76,86,116,56,95
470,Leafeon,4,Not Legendary,Grass,None,1,25.5,525,65,110,130,60,65,95
471,Glaceon,4,Not Legendary,Ice,None,0.8,25.9,525,65,60,110,130,95,65
472,Gliscor,4,Not Legendary,Ground,Flying,2,42.5,510,75,95,125,45,75,95
473,Mamoswine,4,Not Legendary,Ice,Ground,2.5,291,530,110,130,80,70,60,80
474,Porygon-Z,4,Not Legendary,Normal,None,0.9,34,535,85,80,70,135,75,90
475,Gallade,4,Not Legendary,Psychic,Fighting,1.6,52,518,68,125,65,65,115,80
475,Mega Gallade,4,Not Legendary,Psychic,Fighting,1.6,56.4,618,68,165,95,65,115,110
476,Probopass,4,Not Legendary,Rock,Steel,1.4,340,525,60,55,145,75,150,40
477,Dusknoir,4,Not Legendary,Ghost,None,2.2,106.6,525,45,100,135,65,135,45
478,Froslass,4,Not Legendary,Ice,Ghost,1.3,26.6,480,70,80,70,80,70,110
479,Rotom,4,Not Legendary,Electric,Ghost,0.3,0.3,440,50,50,77,95,77,91
479,Heat Rotom,4,Not Legendary,Electric,Fire,0.3,0.3,520,50,65,107,105,107,86
479,Wash Rotom,4,Not Legendary,Electric,Water,0.3,0.3,520,50,65,107,105,107,86
479,Frost Rotom,4,Not Legendary,Electric,Ice,0.3,0.3,520,50,65,107,105,107,86
479,Fan Rotom,4,Not Legendary,Electric,Flying,0.3,0.3,520,50,65,107,105,107,86
479,Mow Rotom,4,Not Legendary,Electric,Grass,0.3,0.3,520,50,65,107,105,107,86
480,Uxie,4,Sub Legendary,Psychic,None,0.3,0.3,580,75,75,130,75,130,95
481,Mesprit,4,Sub Legendary,Psychic,None,0.3,0.3,580,80,105,105,105,105,80
482,Azelf,4,Sub Legendary,Psychic,None,0.3,0.3,580,75,125,70,125,70,115
483,Dialga,4,Legendary,Steel,Dragon,5.4,683,680,100,120,120,150,100,90
484,Palkia,4,Legendary,Water,Dragon,4.2,336,680,90,120,100,150,120,100
485,Heatran,4,Sub Legendary,Fire,Steel,1.7,430,600,91,90,106,130,106,77
486,Regigigas,4,Sub Legendary,Normal,None,3.7,420,670,110,160,110,80,110,100
487,Giratina Altered Forme,4,Legendary,Ghost,Dragon,4.5,750,680,150,100,120,100,120,90
487,Giratina Origin Forme,4,Legendary,Ghost,Dragon,6.9,650,680,150,120,100,120,100,90
488,Cresselia,4,Sub Legendary,Psychic,None,1.5,85.6,600,120,70,120,75,130,85
489,Phione,4,Mythical,Water,None,0.4,3.1,480,80,80,80,80,80,80
490,Manaphy,4,Mythical,Water,None,0.3,1.4,600,100,100,100,100,100,100
491,Darkrai,4,Mythical,Dark,None,1.5,50.5,600,70,90,90,135,90,125
492,Shaymin Land Forme,4,Mythical,Grass,None,0.2,2.1,600,100,100,100,100,100,100
492,Shaymin Sky Forme,4,Mythical,Grass,Flying,0.4,5.2,600,100,103,75,120,75,127
493,Arceus,4,Mythical,Normal,None,3.2,320,720,120,120,120,120,120,120
494,Victini,5,Mythical,Psychic,Fire,0.4,4,600,100,100,100,100,100,100
495,Snivy,5,Not Legendary,Grass,None,0.6,8.1,308,45,45,55,45,55,63
496,Servine,5,Not Legendary,Grass,None,0.8,16,413,60,60,75,60,75,83
497,Serperior,5,Not Legendary,Grass,None,3.3,63,528,75,75,95,75,95,113
498,Tepig,5,Not Legendary,Fire,None,0.5,9.9,308,65,63,45,45,45,45
499,Pignite,5,Not Legendary,Fire,Fighting,1,55.5,418,90,93,55,70,55,55
500,Emboar,5,Not Legendary,Fire,Fighting,1.6,150,528,110,123,65,100,65,65
501,Oshawott,5,Not Legendary,Water,None,0.5,5.9,308,55,55,45,63,45,45
502,Dewott,5,Not Legendary,Water,None,0.8,24.5,413,75,75,60,83,60,60
503,Samurott,5,Not Legendary,Water,None,1.5,94.6,528,95,100,85,108,70,70
504,Patrat,5,Not Legendary,Normal,None,0.5,11.6,255,45,55,39,35,39,42
505,Watchog,5,Not Legendary,Normal,None,1.1,27,420,60,85,69,60,69,77
506,Lillipup,5,Not Legendary,Normal,None,0.4,4.1,275,45,60,45,25,45,55
507,Herdier,5,Not Legendary,Normal,None,0.9,14.7,370,65,80,65,35,65,60
508,Stoutland,5,Not Legendary,Normal,None,1.2,61,500,85,110,90,45,90,80
509,Purrloin,5,Not Legendary,Dark,None,0.4,10.1,281,41,50,37,50,37,66
510,Liepard,5,Not Legendary,Dark,None,1.1,37.5,446,64,88,50,88,50,106
511,Pansage,5,Not Legendary,Grass,None,0.6,10.5,316,50,53,48,53,48,64
512,Simisage,5,Not Legendary,Grass,None,1.1,30.5,498,75,98,63,98,63,101
513,Pansear,5,Not Legendary,Fire,None,0.6,11,316,50,53,48,53,48,64
514,Simisear,5,Not Legendary,Fire,None,1,28,498,75,98,63,98,63,101
515,Panpour,5,Not Legendary,Water,None,0.6,13.5,316,50,53,48,53,48,64
516,Simipour,5,Not Legendary,Water,None,1,29,498,75,98,63,98,63,101
517,Munna,5,Not Legendary,Psychic,None,0.6,23.3,292,76,25,45,67,55,24
518,Musharna,5,Not Legendary,Psychic,None,1.1,60.5,487,116,55,85,107,95,29
519,Pidove,5,Not Legendary,Normal,Flying,0.3,2.1,264,50,55,50,36,30,43
520,Tranquill,5,Not Legendary,Normal,Flying,0.6,15,358,62,77,62,50,42,65
521,Unfezant,5,Not Legendary,Normal,Flying,1.2,29,488,80,115,80,65,55,93
522,Blitzle,5,Not Legendary,Electric,None,0.8,29.8,295,45,60,32,50,32,76
523,Zebstrika,5,Not Legendary,Electric,None,1.6,79.5,497,75,100,63,80,63,116
524,Roggenrola,5,Not Legendary,Rock,None,0.4,18,280,55,75,85,25,25,15
525,Boldore,5,Not Legendary,Rock,None,0.9,102,390,70,105,105,50,40,20
526,Gigalith,5,Not Legendary,Rock,None,1.7,260,515,85,135,130,60,80,25
527,Woobat,5,Not Legendary,Psychic,Flying,0.4,2.1,323,65,45,43,55,43,72
528,Swoobat,5,Not Legendary,Psychic,Flying,0.9,10.5,425,67,57,55,77,55,114
529,Drilbur,5,Not Legendary,Ground,None,0.3,8.5,328,60,85,40,30,45,68
530,Excadrill,5,Not Legendary,Ground,Steel,0.7,40.4,508,110,135,60,50,65,88
531,Audino,5,Not Legendary,Normal,None,1.1,31,445,103,60,86,60,86,50
531,Mega Audino,5,Not Legendary,Normal,Fairy,1.5,32,545,103,60,126,80,126,50
532,Timburr,5,Not Legendary,Fighting,None,0.6,12.5,305,75,80,55,25,35,35
533,Gurdurr,5,Not Legendary,Fighting,None,1.2,40,405,85,105,85,40,50,40
534,Conkeldurr,5,Not Legendary,Fighting,None,1.4,87,505,105,140,95,55,65,45
535,Tympole,5,Not Legendary,Water,None,0.5,4.5,294,50,50,40,50,40,64
536,Palpitoad,5,Not Legendary,Water,Ground,0.8,17,384,75,65,55,65,55,69
537,Seismitoad,5,Not Legendary,Water,Ground,1.5,62,509,105,95,75,85,75,74
538,Throh,5,Not Legendary,Fighting,None,1.3,55.5,465,120,100,85,30,85,45
539,Sawk,5,Not Legendary,Fighting,None,1.4,51,465,75,125,75,30,75,85
540,Sewaddle,5,Not Legendary,Bug,Grass,0.3,2.5,310,45,53,70,40,60,42
541,Swadloon,5,Not Legendary,Bug,Grass,0.5,7.3,380,55,63,90,50,80,42
542,Leavanny,5,Not Legendary,Bug,Grass,1.2,20.5,500,75,103,80,70,80,92
543,Venipede,5,Not Legendary,Bug,Poison,0.4,5.3,260,30,45,59,30,39,57
544,Whirlipede,5,Not Legendary,Bug,Poison,1.2,58.5,360,40,55,99,40,79,47
545,Scolipede,5,Not Legendary,Bug,Poison,2.5,200.5,485,60,100,89,55,69,112
546,Cottonee,5,Not Legendary,Grass,Fairy,0.3,0.6,280,40,27,60,37,50,66
547,Whimsicott,5,Not Legendary,Grass,Fairy,0.7,6.6,480,60,67,85,77,75,116
548,Petilil,5,Not Legendary,Grass,None,0.5,6.6,280,45,35,50,70,50,30
549,Lilligant,5,Not Legendary,Grass,None,1.1,16.3,480,70,60,75,110,75,90
550,Basculin Red-Striped Form,5,Not Legendary,Water,None,1,18,460,70,92,65,80,55,98
550,Basculin Blue-Striped Form,5,Not Legendary,Water,None,1,18,460,70,92,65,80,55,98
551,Sandile,5,Not Legendary,Ground,Dark,0.7,15.2,292,50,72,35,35,35,65
552,Krokorok,5,Not Legendary,Ground,Dark,1,33.4,351,60,82,45,45,45,74
553,Krookodile,5,Not Legendary,Ground,Dark,1.5,96.3,519,95,117,80,65,70,92
554,Darumaka,5,Not Legendary,Fire,None,0.6,37.5,315,70,90,45,15,45,50
554,Galarian Darumaka,5,Not Legendary,Ice,None,0.7,40,315,70,90,45,15,45,50
555,Darmanitan Standard Mode,5,Not Legendary,Fire,None,1.3,92.9,480,105,140,55,30,55,95
555,Darmanitan Zen Mode,5,Not Legendary,Fire,Psychic,1.3,92.9,540,105,30,105,140,105,55
555,Darmanitan Galarian Standard Mode,5,Not Legendary,Ice,None,1.7,120,480,105,140,55,30,55,95
555,Darmanitan Galarian Zen Mode,5,Not Legendary,Ice,Fire,1.7,120,540,105,160,55,30,55,135
556,Maractus,5,Not Legendary,Grass,None,1,28,461,75,86,67,106,67,60
557,Dwebble,5,Not Legendary,Bug,Rock,0.3,14.5,325,50,65,85,35,35,55
558,Crustle,5,Not Legendary,Bug,Rock,1.4,200,485,70,105,125,65,75,45
559,Scraggy,5,Not Legendary,Dark,Fighting,0.6,11.8,348,50,75,70,35,70,48
560,Scrafty,5,Not Legendary,Dark,Fighting,1.1,30,488,65,90,115,45,115,58
561,Sigilyph,5,Not Legendary,Psychic,Flying,1.4,14,490,72,58,80,103,80,97
562,Yamask,5,Not Legendary,Ghost,None,0.5,1.5,303,38,30,85,55,65,30
562,Galarian Yamask,5,Not Legendary,Ground,Ghost,0.5,1.5,303,38,55,85,30,65,30
563,Cofagrigus,5,Not Legendary,Ghost,None,1.7,76.5,483,58,50,145,95,105,30
564,Tirtouga,5,Not Legendary,Water,Rock,0.7,16.5,355,54,78,103,53,45,22
565,Carracosta,5,Not Legendary,Water,Rock,1.2,81,495,74,108,133,83,65,32
566,Archen,5,Not Legendary,Rock,Flying,0.5,9.5,401,55,112,45,74,45,70
567,Archeops,5,Not Legendary,Rock,Flying,1.4,32,567,75,140,65,112,65,110
568,Trubbish,5,Not Legendary,Poison,None,0.6,31,329,50,50,62,40,62,65
569,Garbodor,5,Not Legendary,Poison,None,1.9,107.3,474,80,95,82,60,82,75
570,Zorua,5,Not Legendary,Dark,None,0.7,12.5,330,40,65,40,80,40,65
571,Zoroark,5,Not Legendary,Dark,None,1.6,81.1,510,60,105,60,120,60,105
572,Minccino,5,Not Legendary,Normal,None,0.4,5.8,300,55,50,40,40,40,75
573,Cinccino,5,Not Legendary,Normal,None,0.5,7.5,470,75,95,60,65,60,115
574,Gothita,5,Not Legendary,Psychic,None,0.4,5.8,290,45,30,50,55,65,45
575,Gothorita,5,Not Legendary,Psychic,None,0.7,18,390,60,45,70,75,85,55
576,Gothitelle,5,Not Legendary,Psychic,None,1.5,44,490,70,55,95,95,110,65
577,Solosis,5,Not Legendary,Psychic,None,0.3,1,290,45,30,40,105,50,20
578,Duosion,5,Not Legendary,Psychic,None,0.6,8,370,65,40,50,125,60,30
579,Reuniclus,5,Not Legendary,Psychic,None,1,20.1,490,110,65,75,125,85,30
580,Ducklett,5,Not Legendary,Water,Flying,0.5,5.5,305,62,44,50,44,50,55
581,Swanna,5,Not Legendary,Water,Flying,1.3,24.2,473,75,87,63,87,63,98
582,Vanillite,5,Not Legendary,Ice,None,0.4,5.7,305,36,50,50,65,60,44
583,Vanillish,5,Not Legendary,Ice,None,1.1,41,395,51,65,65,80,75,59
584,Vanilluxe,5,Not Legendary,Ice,None,1.3,57.5,535,71,95,85,110,95,79
585,Deerling,5,Not Legendary,Normal,Grass,0.6,19.5,335,60,60,50,40,50,75
586,Sawsbuck,5,Not Legendary,Normal,Grass,1.9,92.5,475,80,100,70,60,70,95
587,Emolga,5,Not Legendary,Electric,Flying,0.4,5,428,55,75,60,75,60,103
588,Karrablast,5,Not Legendary,Bug,None,0.5,5.9,315,50,75,45,40,45,60
589,Escavalier,5,Not Legendary,Bug,Steel,1,33,495,70,135,105,60,105,20
590,Foongus,5,Not Legendary,Grass,Poison,0.2,1,294,69,55,45,55,55,15
591,Amoonguss,5,Not Legendary,Grass,Poison,0.6,10.5,464,114,85,70,85,80,30
592,Frillish,5,Not Legendary,Water,Ghost,1.2,33,335,55,40,50,65,85,40
593,Jellicent,5,Not Legendary,Water,Ghost,2.2,135,480,100,60,70,85,105,60
594,Alomomola,5,Not Legendary,Water,None,1.2,31.6,470,165,75,80,40,45,65
595,Joltik,5,Not Legendary,Bug,Electric,0.1,0.6,319,50,47,50,57,50,65
596,Galvantula,5,Not Legendary,Bug,Electric,0.8,14.3,472,70,77,60,97,60,108
597,Ferroseed,5,Not Legendary,Grass,Steel,0.6,18.8,305,44,50,91,24,86,10
598,Ferrothorn,5,Not Legendary,Grass,Steel,1,110,489,74,94,131,54,116,20
599,Klink,5,Not Legendary,Steel,None,0.3,21,300,40,55,70,45,60,30
600,Klang,5,Not Legendary,Steel,None,0.6,51,440,60,80,95,70,85,50
601,Klinklang,5,Not Legendary,Steel,None,0.6,81,520,60,100,115,70,85,90
602,Tynamo,5,Not Legendary,Electric,None,0.2,0.3,275,35,55,40,45,40,60
603,Eelektrik,5,Not Legendary,Electric,None,1.2,22,405,65,85,70,75,70,40
604,Eelektross,5,Not Legendary,Electric,None,2.1,80.5,515,85,115,80,105,80,50
605,Elgyem,5,Not Legendary,Psychic,None,0.5,9,335,55,55,55,85,55,30
606,Beheeyem,5,Not Legendary,Psychic,None,1,34.5,485,75,75,75,125,95,40
607,Litwick,5,Not Legendary,Ghost,Fire,0.3,3.1,275,50,30,55,65,55,20
608,Lampent,5,Not Legendary,Ghost,Fire,0.6,13,370,60,40,60,95,60,55
609,Chandelure,5,Not Legendary,Ghost,Fire,1,34.3,520,60,55,90,145,90,80
610,Axew,5,Not Legendary,Dragon,None,0.6,18,320,46,87,60,30,40,57
611,Fraxure,5,Not Legendary,Dragon,None,1,36,410,66,117,70,40,50,67
612,Haxorus,5,Not Legendary,Dragon,None,1.8,105.5,540,76,147,90,60,70,97
613,Cubchoo,5,Not Legendary,Ice,None,0.5,8.5,305,55,70,40,60,40,40
614,Beartic,5,Not Legendary,Ice,None,2.6,260,505,95,130,80,70,80,50
615,Cryogonal,5,Not Legendary,Ice,None,1.1,148,515,80,50,50,95,135,105
616,Shelmet,5,Not Legendary,Bug,None,0.4,7.7,305,50,40,85,40,65,25
617,Accelgor,5,Not Legendary,Bug,None,0.8,25.3,495,80,70,40,100,60,145
618,Stunfisk,5,Not Legendary,Ground,Electric,0.7,11,471,109,66,84,81,99,32
618,Galarian Stunfisk,5,Not Legendary,Ground,Steel,0.7,20.5,471,109,81,99,66,84,32
619,Mienfoo,5,Not Legendary,Fighting,None,0.9,20,350,45,85,50,55,50,65
620,Mienshao,5,Not Legendary,Fighting,None,1.4,35.5,510,65,125,60,95,60,105
621,Druddigon,5,Not Legendary,Dragon,None,1.6,139,485,77,120,90,60,90,48
622,Golett,5,Not Legendary,Ground,Ghost,1,92,303,59,74,50,35,50,35
623,Golurk,5,Not Legendary,Ground,Ghost,2.8,330,483,89,124,80,55,80,55
624,Pawniard,5,Not Legendary,Dark,Steel,0.5,10.2,340,45,85,70,40,40,60
625,Bisharp,5,Not Legendary,Dark,Steel,1.6,70,490,65,125,100,60,70,70
626,Bouffalant,5,Not Legendary,Normal,None,1.6,94.6,490,95,110,95,40,95,55
627,Rufflet,5,Not Legendary,Normal,Flying,0.5,10.5,350,70,83,50,37,50,60
628,Braviary,5,Not Legendary,Normal,Flying,1.5,41,510,100,123,75,57,75,80
629,Vullaby,5,Not Legendary,Dark,Flying,0.5,9,370,70,55,75,45,65,60
630,Mandibuzz,5,Not Legendary,Dark,Flying,1.2,39.5,510,110,65,105,55,95,80
631,Heatmor,5,Not Legendary,Fire,None,1.4,58,484,85,97,66,105,66,65
632,Durant,5,Not Legendary,Bug,Steel,0.3,33,484,58,109,112,48,48,109
633,Deino,5,Not Legendary,Dark,Dragon,0.8,17.3,300,52,65,50,45,50,38
634,Zweilous,5,Not Legendary,Dark,Dragon,1.4,50,420,72,85,70,65,70,58
635,Hydreigon,5,Not Legendary,Dark,Dragon,1.8,160,600,92,105,90,125,90,98
636,Larvesta,5,Not Legendary,Bug,Fire,1.1,28.8,360,55,85,55,50,55,60
637,Volcarona,5,Not Legendary,Bug,Fire,1.6,46,550,85,60,65,135,105,100
638,Cobalion,5,Sub Legendary,Steel,Fighting,2.1,250,580,91,90,129,90,72,108
639,Terrakion,5,Sub Legendary,Rock,Fighting,1.9,260,580,91,129,90,72,90,108
640,Virizion,5,Sub Legendary,Grass,Fighting,2,200,580,91,90,72,90,129,108
641,Tornadus Incarnate Forme,5,Sub Legendary,Flying,None,1.5,63,580,79,115,70,125,80,111
641,Tornadus Therian Forme,5,Sub Legendary,Flying,None,1.4,63,580,79,100,80,110,90,121
642,Thundurus Incarnate Forme,5,Sub Legendary,Electric,Flying,1.5,61,580,79,115,70,125,80,111
642,Thundurus Therian Forme,5,Sub Legendary,Electric,Flying,3,61,580,79,105,70,145,80,101
643,Reshiram,5,Legendary,Dragon,Fire,3.2,330,680,100,120,100,150,120,90
644,Zekrom,5,Legendary,Dragon,Electric,2.9,345,680,100,150,120,120,100,90
645,Landorus Incarnate Forme,5,Sub Legendary,Ground,Flying,1.5,68,600,89,125,90,115,80,101
645,Landorus Therian Forme,5,Sub Legendary,Ground,Flying,1.3,68,600,89,145,90,105,80,91
646,Kyurem,5,Legendary,Dragon,Ice,3,325,660,125,130,90,130,90,95
646,Black Kyurem,5,Legendary,Dragon,Ice,3.3,325,700,125,170,100,120,90,95
646,White Kyurem,5,Legendary,Dragon,Ice,3.6,325,700,125,120,90,170,100,95
647,Keldeo Ordinary Forme,5,Mythical,Water,Fighting,1.4,48.5,580,91,72,90,129,90,108
647,Keldeo Resolute Forme,5,Mythical,Water,Fighting,1.4,48.5,580,91,72,90,129,90,108
648,Meloetta Aria Forme,5,Mythical,Normal,Psychic,0.6,6.5,600,100,77,77,128,128,90
648,Meloetta Pirouette Forme,5,Mythical,Normal,Fighting,0.6,6.5,600,100,128,90,77,77,128
649,Genesect,5,Mythical,Bug,Steel,1.5,82.5,600,71,120,95,120,95,99
650,Chespin,6,Not Legendary,Grass,None,0.4,9,313,56,61,65,48,45,38
651,Quilladin,6,Not Legendary,Grass,None,0.7,29,405,61,78,95,56,58,57
652,Chesnaught,6,Not Legendary,Grass,Fighting,1.6,90,530,88,107,122,74,75,64
653,Fennekin,6,Not Legendary,Fire,None,0.4,9.4,307,40,45,40,62,60,60
654,Braixen,6,Not Legendary,Fire,None,1,14.5,409,59,59,58,90,70,73
655,Delphox,6,Not Legendary,Fire,Psychic,1.5,39,534,75,69,72,114,100,104
656,Froakie,6,Not Legendary,Water,None,0.3,7,314,41,56,40,62,44,71
657,Frogadier,6,Not Legendary,Water,None,0.6,10.9,405,54,63,52,83,56,97
658,Greninja,6,Not Legendary,Water,Dark,1.5,40,530,72,95,67,103,71,122
658,Ash-Greninja,6,Not Legendary,Water,Dark,1.5,40,640,72,145,67,153,71,132
659,Bunnelby,6,Not Legendary,Normal,None,0.4,5,237,38,36,38,32,36,57
660,Diggersby,6,Not Legendary,Normal,Ground,1,42.4,423,85,56,77,50,77,78
661,Fletchling,6,Not Legendary,Normal,Flying,0.3,1.7,278,45,50,43,40,38,62
662,Fletchinder,6,Not Legendary,Fire,Flying,0.7,16,382,62,73,55,56,52,84
663,Talonflame,6,Not Legendary,Fire,Flying,1.2,24.5,499,78,81,71,74,69,126
664,Scatterbug,6,Not Legendary,Bug,None,0.3,2.5,200,38,35,40,27,25,35
665,Spewpa,6,Not Legendary,Bug,None,0.3,8.4,213,45,22,60,27,30,29
666,Vivillon,6,Not Legendary,Bug,Flying,1.2,17,411,80,52,50,90,50,89
667,Litleo,6,Not Legendary,Fire,Normal,0.6,13.5,369,62,50,58,73,54,72
668,Pyroar,6,Not Legendary,Fire,Normal,1.5,81.5,507,86,68,72,109,66,106
669,Flabébé,6,Not Legendary,Fairy,None,0.1,0.1,303,44,38,39,61,79,42
670,Floette,6,Not Legendary,Fairy,None,0.2,0.9,371,54,45,47,75,98,52
671,Florges,6,Not Legendary,Fairy,None,1.1,10,552,78,65,68,112,154,75
672,Skiddo,6,Not Legendary,Grass,None,0.9,31,350,66,65,48,62,57,52
673,Gogoat,6,Not Legendary,Grass,None,1.7,91,531,123,100,62,97,81,68
674,Pancham,6,Not Legendary,Fighting,None,0.6,8,348,67,82,62,46,48,43
675,Pangoro,6,Not Legendary,Fighting,Dark,2.1,136,495,95,124,78,69,71,58
676,Furfrou,6,Not Legendary,Normal,None,1.2,28,472,75,80,60,65,90,102
677,Espurr,6,Not Legendary,Psychic,None,0.3,3.5,355,62,48,54,63,60,68
678,Meowstic Male,6,Not Legendary,Psychic,None,0.6,8.5,466,74,48,76,83,81,104
678,Meowstic Female,6,Not Legendary,Psychic,None,0.6,8.5,466,74,48,76,83,81,104
679,Honedge,6,Not Legendary,Steel,Ghost,0.8,2,325,45,80,100,35,37,28
680,Doublade,6,Not Legendary,Steel,Ghost,0.8,4.5,448,59,110,150,45,49,35
681,Aegislash Blade Forme,6,Not Legendary,Steel,Ghost,1.7,53,520,60,150,50,150,50,60
681,Aegislash Shield Forme,6,Not Legendary,Steel,Ghost,1.7,53,520,60,50,150,50,150,60
682,Spritzee,6,Not Legendary,Fairy,None,0.2,0.5,341,78,52,60,63,65,23
683,Aromatisse,6,Not Legendary,Fairy,None,0.8,15.5,462,101,72,72,99,89,29
684,Swirlix,6,Not Legendary,Fairy,None,0.4,3.5,341,62,48,66,59,57,49
685,Slurpuff,6,Not Legendary,Fairy,None,0.8,5,480,82,80,86,85,75,72
686,Inkay,6,Not Legendary,Dark,Psychic,0.4,3.5,288,53,54,53,37,46,45
687,Malamar,6,Not Legendary,Dark,Psychic,1.5,47,482,86,92,88,68,75,73
688,Binacle,6,Not Legendary,Rock,Water,0.5,31,306,42,52,67,39,56,50
689,Barbaracle,6,Not Legendary,Rock,Water,1.3,96,500,72,105,115,54,86,68
690,Skrelp,6,Not Legendary,Poison,Water,0.5,7.3,320,50,60,60,60,60,30
691,Dragalge,6,Not Legendary,Poison,Dragon,1.8,81.5,494,65,75,90,97,123,44
692,Clauncher,6,Not Legendary,Water,None,0.5,8.3,330,50,53,62,58,63,44
693,Clawitzer,6,Not Legendary,Water,None,1.3,35.3,500,71,73,88,120,89,59
694,Helioptile,6,Not Legendary,Electric,Normal,0.5,6,289,44,38,33,61,43,70
695,Heliolisk,6,Not Legendary,Electric,Normal,1,21,481,62,55,52,109,94,109
696,Tyrunt,6,Not Legendary,Rock,Dragon,0.8,26,362,58,89,77,45,45,48
697,Tyrantrum,6,Not Legendary,Rock,Dragon,2.5,270,521,82,121,119,69,59,71
698,Amaura,6,Not Legendary,Rock,Ice,1.3,25.2,362,77,59,50,67,63,46
699,Aurorus,6,Not Legendary,Rock,Ice,2.7,225,521,123,77,72,99,92,58
700,Sylveon,6,Not Legendary,Fairy,None,1,23.5,525,95,65,65,110,130,60
701,Hawlucha,6,Not Legendary,Fighting,Flying,0.8,21.5,500,78,92,75,74,63,118
702,Dedenne,6,Not Legendary,Electric,Fairy,0.2,2.2,431,67,58,57,81,67,101
703,Carbink,6,Not Legendary,Rock,Fairy,0.3,5.7,500,50,50,150,50,150,50
704,Goomy,6,Not Legendary,Dragon,None,0.3,2.8,300,45,50,35,55,75,40
705,Sliggoo,6,Not Legendary,Dragon,None,0.8,17.5,452,68,75,53,83,113,60
706,Goodra,6,Not Legendary,Dragon,None,2,150.5,600,90,100,70,110,150,80
707,Klefki,6,Not Legendary,Steel,Fairy,0.2,3,470,57,80,91,80,87,75
708,Phantump,6,Not Legendary,Ghost,Grass,0.4,7,309,43,70,48,50,60,38
709,Trevenant,6,Not Legendary,Ghost,Grass,1.5,71,474,85,110,76,65,82,56
710,Pumpkaboo Average Size,6,Not Legendary,Ghost,Grass,0.4,5,335,49,66,70,44,55,51
710,Pumpkaboo Small Size,6,Not Legendary,Ghost,Grass,0.3,3.5,335,44,66,70,44,55,56
710,Pumpkaboo Large Size,6,Not Legendary,Ghost,Grass,0.5,7.5,335,54,66,70,44,55,46
710,Pumpkaboo Super Size,6,Not Legendary,Ghost,Grass,0.8,15,335,59,66,70,44,55,41
711,Gourgeist Average Size,6,Not Legendary,Ghost,Grass,0.9,12.5,494,65,90,122,58,75,84
711,Gourgeist Small Size,6,Not Legendary,Ghost,Grass,0.7,9.5,494,55,85,122,58,75,99
711,Gourgeist Large Size,6,Not Legendary,Ghost,Grass,1.1,14,494,75,95,122,58,75,69
711,Gourgeist Super Size,6,Not Legendary,Ghost,Grass,1.7,39,494,85,100,122,58,75,54
712,Bergmite,6,Not Legendary,Ice,None,1,99.5,304,55,69,85,32,35,28
713,Avalugg,6,Not Legendary,Ice,None,2,505,514,95,117,184,44,46,28
714,Noibat,6,Not Legendary,Flying,Dragon,0.5,8,245,40,30,35,45,40,55
715,Noivern,6,Not Legendary,Flying,Dragon,1.5,85,535,85,70,80,97,80,123
716,Xerneas,6,Legendary,Fairy,None,3,215,680,126,131,95,131,98,99
717,Yveltal,6,Legendary,Dark,Flying,5.8,203,680,126,131,95,131,98,99
718,Zygarde 50% Forme,6,Legendary,Dragon,Ground,5,305,600,108,100,121,81,95,95
718,Zygarde 10% Forme,6,Legendary,Dragon,Ground,1.2,33.5,486,54,100,71,61,85,115
718,Zygarde Complete Forme,6,Legendary,Dragon,Ground,4.5,610,708,216,100,121,91,95,85
719,Diancie,6,Mythical,Rock,Fairy,0.7,8.8,600,50,100,150,100,150,50
719,Mega Diancie,6,Mythical,Rock,Fairy,1.1,27.8,700,50,160,110,160,110,110
720,Hoopa Hoopa Confined,6,Mythical,Psychic,Ghost,0.5,9,600,80,110,60,150,130,70
720,Hoopa Hoopa Unbound,6,Mythical,Psychic,Dark,6.5,490,680,80,160,60,170,130,80
721,Volcanion,6,Mythical,Fire,Water,1.7,195,600,80,110,120,130,90,70
722,Rowlet,7,Not Legendary,Grass,Flying,0.3,1.5,320,68,55,55,50,50,42
723,Dartrix,7,Not Legendary,Grass,Flying,0.7,16,420,78,75,75,70,70,52
724,Decidueye,7,Not Legendary,Grass,Ghost,1.6,36.6,530,78,107,75,100,100,70
725,Litten,7,Not Legendary,Fire,None,0.4,4.3,320,45,65,40,60,40,70
726,Torracat,7,Not Legendary,Fire,None,0.7,25,420,65,85,50,80,50,90
727,Incineroar,7,Not Legendary,Fire,Dark,1.8,83,530,95,115,90,80,90,60
728,Popplio,7,Not Legendary,Water,None,0.4,7.5,320,50,54,54,66,56,40
729,Brionne,7,Not Legendary,Water,None,0.6,17.5,420,60,69,69,91,81,50
730,Primarina,7,Not Legendary,Water,Fairy,1.8,44,530,80,74,74,126,116,60
731,Pikipek,7,Not Legendary,Normal,Flying,0.3,1.2,265,35,75,30,30,30,65
732,Trumbeak,7,Not Legendary,Normal,Flying,0.6,14.8,355,55,85,50,40,50,75
733,Toucannon,7,Not Legendary,Normal,Flying,1.1,26,485,80,120,75,75,75,60
734,Yungoos,7,Not Legendary,Normal,None,0.4,6,253,48,70,30,30,30,45
735,Gumshoos,7,Not Legendary,Normal,None,0.7,14.2,418,88,110,60,55,60,45
736,Grubbin,7,Not Legendary,Bug,None,0.4,4.4,300,47,62,45,55,45,46
737,Charjabug,7,Not Legendary,Bug,Electric,0.5,10.5,400,57,82,95,55,75,36
738,Vikavolt,7,Not Legendary,Bug,Electric,1.5,45,500,77,70,90,145,75,43
739,Crabrawler,7,Not Legendary,Fighting,None,0.6,7,338,47,82,57,42,47,63
740,Crabominable,7,Not Legendary,Fighting,Ice,1.7,180,478,97,132,77,62,67,43
741,Oricorio Baile Style,7,Not Legendary,Fire,Flying,0.6,3.4,476,75,70,70,98,70,93
741,Oricorio Pom-Pom Style,7,Not Legendary,Electric,Flying,0.6,3.4,476,75,70,70,98,70,93
741,Oricorio Pa'u Style,7,Not Legendary,Psychic,Flying,0.6,3.4,476,75,70,70,98,70,93
741,Oricorio Sensu Style,7,Not Legendary,Ghost,Flying,0.6,3.4,476,75,70,70,98,70,93
742,Cutiefly,7,Not Legendary,Bug,Fairy,0.1,0.2,304,40,45,40,55,40,84
743,Ribombee,7,Not Legendary,Bug,Fairy,0.2,0.5,464,60,55,60,95,70,124
744,Rockruff,7,Not Legendary,Rock,None,0.5,9.2,280,45,65,40,30,40,60
744,Own Tempo Rockruff,7,Not Legendary,Rock,None,0.5,9.2,280,45,65,40,30,40,60
745,Lycanroc Midday Form,7,Not Legendary,Rock,None,0.8,25,487,75,115,65,55,65,112
745,Lycanroc Midnight Form,7,Not Legendary,Rock,None,1.1,25,487,85,115,75,55,75,82
745,Lycanroc Dusk Form,7,Not Legendary,Rock,None,0.8,25,487,75,117,65,55,65,110
746,Wishiwashi Solo Form,7,Not Legendary,Water,None,0.2,0.3,175,45,20,20,25,25,40
746,Wishiwashi School Form,7,Not Legendary,Water,None,8.2,78.6,620,45,140,130,140,135,30
747,Mareanie,7,Not Legendary,Poison,Water,0.4,8,305,50,53,62,43,52,45
748,Toxapex,7,Not Legendary,Poison,Water,0.7,14.5,495,50,63,152,53,142,35
749,Mudbray,7,Not Legendary,Ground,None,1,110,385,70,100,70,45,55,45
750,Mudsdale,7,Not Legendary,Ground,None,2.5,920,500,100,125,100,55,85,35
751,Dewpider,7,Not Legendary,Water,Bug,0.3,4,269,38,40,52,40,72,27
752,Araquanid,7,Not Legendary,Water,Bug,1.8,82,454,68,70,92,50,132,42
753,Fomantis,7,Not Legendary,Grass,None,0.3,1.5,250,40,55,35,50,35,35
754,Lurantis,7,Not Legendary,Grass,None,0.9,18.5,480,70,105,90,80,90,45
755,Morelull,7,Not Legendary,Grass,Fairy,0.2,1.5,285,40,35,55,65,75,15
756,Shiinotic,7,Not Legendary,Grass,Fairy,1,11.5,405,60,45,80,90,100,30
757,Salandit,7,Not Legendary,Poison,Fire,0.6,4.8,320,48,44,40,71,40,77
758,Salazzle,7,Not Legendary,Poison,Fire,1.2,22.2,480,68,64,60,111,60,117
759,Stufful,7,Not Legendary,Normal,Fighting,0.5,6.8,340,70,75,50,45,50,50
760,Bewear,7,Not Legendary,Normal,Fighting,2.1,135,500,120,125,80,55,60,60
761,Bounsweet,7,Not Legendary,Grass,None,0.3,3.2,210,42,30,38,30,38,32
762,Steenee,7,Not Legendary,Grass,None,0.7,8.2,290,52,40,48,40,48,62
763,Tsareena,7,Not Legendary,Grass,None,1.2,21.4,510,72,120,98,50,98,72
764,Comfey,7,Not Legendary,Fairy,None,0.1,0.3,485,51,52,90,82,110,100
765,Oranguru,7,Not Legendary,Normal,Psychic,1.5,76,490,90,60,80,90,110,60
766,Passimian,7,Not Legendary,Fighting,None,2,82.8,490,100,120,90,40,60,80
767,Wimpod,7,Not Legendary,Bug,Water,0.5,12,230,25,35,40,20,30,80
768,Golisopod,7,Not Legendary,Bug,Water,2,108,530,75,125,140,60,90,40
769,Sandygast,7,Not Legendary,Ghost,Ground,0.5,70,320,55,55,80,70,45,15
770,Palossand,7,Not Legendary,Ghost,Ground,1.3,250,480,85,75,110,100,75,35
771,Pyukumuku,7,Not Legendary,Water,None,0.3,1.2,410,55,60,130,30,130,5
772,Type: Null,7,Sub Legendary,Normal,None,1.9,120.5,534,95,95,95,95,95,59
773,Silvally,7,Sub Legendary,Normal,None,2.3,100.5,570,95,95,95,95,95,95
774,Minior Meteor Form,7,Not Legendary,Rock,Flying,0.3,40,440,60,60,100,60,100,60
774,Minior Core Form,7,Not Legendary,Rock,Flying,0.3,0.3,500,60,100,60,100,60,120
775,Komala,7,Not Legendary,Normal,None,0.4,19.9,480,65,115,65,75,95,65
776,Turtonator,7,Not Legendary,Fire,Dragon,2,212,485,60,78,135,91,85,36
777,Togedemaru,7,Not Legendary,Electric,Steel,0.3,3.3,435,65,98,63,40,73,96
778,Mimikyu,7,Not Legendary,Ghost,Fairy,0.2,0.7,476,55,90,80,50,105,96
779,Bruxish,7,Not Legendary,Water,Psychic,0.9,19,475,68,105,70,70,70,92
780,Drampa,7,Not Legendary,Normal,Dragon,3,185,485,78,60,85,135,91,36
781,Dhelmise,7,Not Legendary,Ghost,Grass,3.9,210,517,70,131,100,86,90,40
782,Jangmo-o,7,Not Legendary,Dragon,None,0.6,29.7,300,45,55,65,45,45,45
783,Hakamo-o,7,Not Legendary,Dragon,Fighting,1.2,47,420,55,75,90,65,70,65
784,Kommo-o,7,Not Legendary,Dragon,Fighting,1.6,78.2,600,75,110,125,100,105,85
785,Tapu Koko,7,Sub Legendary,Electric,Fairy,1.8,20.5,570,70,115,85,95,75,130
786,Tapu Lele,7,Sub Legendary,Psychic,Fairy,1.2,18.6,570,70,85,75,130,115,95
787,Tapu Bulu,7,Sub Legendary,Grass,Fairy,1.9,45.5,570,70,130,115,85,95,75
788,Tapu Fini,7,Sub Legendary,Water,Fairy,1.3,21.2,570,70,75,115,95,130,85
789,Cosmog,7,Legendary,Psychic,None,0.2,0.1,200,43,29,31,29,31,37
790,Cosmoem,7,Legendary,Psychic,None,0.1,999.9,400,43,29,131,29,131,37
791,Solgaleo,7,Legendary,Psychic,Steel,3.4,230,680,137,137,107,113,89,97
792,Lunala,7,Legendary,Psychic,Ghost,4,120,680,137,113,89,137,107,97
793,Nihilego,7,Sub Legendary,Rock,Poison,1.2,55.5,570,109,53,47,127,131,103
794,Buzzwole,7,Sub Legendary,Bug,Fighting,2.4,333.6,570,107,139,139,53,53,79
795,Pheromosa,7,Sub Legendary,Bug,Fighting,1.8,25,570,71,137,37,137,37,151
796,Xurkitree,7,Sub Legendary,Electric,None,3.8,100,570,83,89,71,173,71,83
797,Celesteela,7,Sub Legendary,Steel,Flying,9.2,999.9,570,97,101,103,107,101,61
798,Kartana,7,Sub Legendary,Grass,Steel,0.3,0.1,570,59,181,131,59,31,109
799,Guzzlord,7,Sub Legendary,Dark,Dragon,5.5,888,570,223,101,53,97,53,43
800,Necrozma,7,Legendary,Psychic,None,2.4,230,600,97,107,101,127,89,79
800,Dusk Mane Necrozma,7,Legendary,Psychic,Steel,3.8,460,680,97,157,127,113,109,77
800,Dawn Wings Necrozma,7,Legendary,Psychic,Ghost,4.2,350,680,97,113,109,157,127,77
800,Ultra Necrozma,7,Legendary,Psychic,Dragon,7.5,230,754,97,167,97,167,97,129
801,Magearna,7,Mythical,Steel,Fairy,1,80.5,600,80,95,115,130,115,65
802,Marshadow,7,Mythical,Fighting,Ghost,0.7,22.2,600,90,125,80,90,90,125
803,Poipole,7,Sub Legendary,Poison,None,0.6,1.8,420,67,73,67,73,67,73
804,Naganadel,7,Sub Legendary,Poison,Dragon,3.6,150,540,73,73,73,127,73,121
805,Stakataka,7,Sub Legendary,Rock,Steel,5.5,820,570,61,131,211,53,101,13
806,Blacephalon,7,Sub Legendary,Fire,Ghost,1.8,13,570,53,127,53,151,79,107
807,Zeraora,7,Mythical,Electric,None,1.5,44.5,600,88,112,75,102,80,143
808,Meltan,7,Mythical,Steel,None,0.2,8,300,46,65,65,55,35,34
809,Melmetal,7,Mythical,Steel,None,2.5,800,600,135,143,143,80,65,34
810,Grookey,8,Not Legendary,Grass,None,0.3,5,310,50,65,50,40,40,65
811,Thwackey,8,Not Legendary,Grass,None,0.7,14,420,70,85,70,55,60,80
812,Rillaboom,8,Not Legendary,Grass,None,2.1,90,530,100,125,90,60,70,85
813,Scorbunny,8,Not Legendary,Fire,None,0.3,4.5,310,50,71,40,40,40,69
814,Raboot,8,Not Legendary,Fire,None,0.6,9,420,65,86,60,55,60,94
815,Cinderace,8,Not Legendary,Fire,None,1.4,33,530,80,116,75,65,75,119
816,Sobble,8,Not Legendary,Water,None,0.3,4,310,50,40,40,70,40,70
817,Drizzile,8,Not Legendary,Water,None,0.7,11.5,420,65,60,55,95,55,90
818,Inteleon,8,Not Legendary,Water,None,1.9,45.2,530,70,85,65,125,65,120
819,Skwovet,8,Not Legendary,Normal,None,0.3,2.5,275,70,55,55,35,35,25
820,Greedent,8,Not Legendary,Normal,None,0.6,6,460,120,95,95,55,75,20
821,Rookidee,8,Not Legendary,Flying,None,0.2,1.8,245,38,47,35,33,35,57
822,Corvisquire,8,Not Legendary,Flying,None,0.8,16,365,68,67,55,43,55,77
823,Corviknight,8,Not Legendary,Flying,Steel,2.2,75,495,98,87,105,53,85,67
824,Blipbug,8,Not Legendary,Bug,None,0.4,8,180,25,20,20,25,45,45
825,Dottler,8,Not Legendary,Bug,Psychic,0.4,19.5,335,50,35,80,50,90,30
826,Orbeetle,8,Not Legendary,Bug,Psychic,0.4,40.8,505,60,45,110,80,120,90
827,Nickit,8,Not Legendary,Dark,None,0.6,8.9,245,40,28,28,47,52,50
828,Thievul,8,Not Legendary,Dark,None,1.2,19.9,455,70,58,58,87,92,90
829,Gossifleur,8,Not Legendary,Grass,None,0.4,2.2,250,40,40,60,40,60,10
830,Eldegoss,8,Not Legendary,Grass,None,0.5,2.5,460,60,50,90,80,120,60
831,Wooloo,8,Not Legendary,Normal,None,0.6,6,270,42,40,55,40,45,48
832,Dubwool,8,Not Legendary,Normal,None,1.3,43,490,72,80,100,60,90,88
833,Chewtle,8,Not Legendary,Water,None,0.3,8.5,284,50,64,50,38,38,44
834,Drednaw,8,Not Legendary,Water,Rock,1,115.5,485,90,115,90,48,68,74
835,Yamper,8,Not Legendary,Electric,None,0.3,13.5,270,59,45,50,40,50,26
836,Boltund,8,Not Legendary,Electric,None,1,34,490,69,90,60,90,60,121
837,Rolycoly,8,Not Legendary,Rock,None,0.3,12,240,30,40,50,40,50,30
838,Carkol,8,Not Legendary,Rock,Fire,1.1,78,410,80,60,90,60,70,50
839,Coalossal,8,Not Legendary,Rock,Fire,2.8,310.5,510,110,80,120,80,90,30
840,Applin,8,Not Legendary,Grass,Dragon,0.2,0.5,260,40,40,80,40,40,20
841,Flapple,8,Not Legendary,Grass,Dragon,0.3,1,485,70,110,80,95,60,70
842,Appletun,8,Not Legendary,Grass,Dragon,0.4,13,485,110,85,80,100,80,30
843,Silicobra,8,Not Legendary,Ground,None,2.2,7.6,315,52,57,75,35,50,46
844,Sandaconda,8,Not Legendary,Ground,None,3.8,65.5,510,72,107,125,65,70,71
845,Cramorant,8,Not Legendary,Flying,Water,0.8,18,475,70,85,55,85,95,85
846,Arrokuda,8,Not Legendary,Water,None,0.5,1,280,41,63,40,40,30,66
847,Barraskewda,8,Not Legendary,Water,None,1.3,30,490,61,123,60,60,50,136
848,Toxel,8,Not Legendary,Electric,Poison,0.4,11,242,40,38,35,54,35,40
849,Toxtricity Low Key Form,8,Not Legendary,Electric,Poison,1.6,40,502,75,98,70,114,70,75
849,Toxtricity Amped Form,8,Not Legendary,Electric,Poison,1.6,40,502,75,98,70,114,70,75
850,Sizzlipede,8,Not Legendary,Fire,Bug,0.7,1,305,50,65,45,50,50,45
851,Centiskorch,8,Not Legendary,Fire,Bug,3,120,525,100,115,65,90,90,65
852,Clobbopus,8,Not Legendary,Fighting,None,0.6,4,310,50,68,60,50,50,32
853,Grapploct,8,Not Legendary,Fighting,None,1.6,39,480,80,118,90,70,80,42
854,Sinistea,8,Not Legendary,Ghost,None,0.1,0.2,308,40,45,45,74,54,50
855,Polteageist,8,Not Legendary,Ghost,None,0.2,0.4,508,60,65,65,134,114,70
856,Hatenna,8,Not Legendary,Psychic,None,0.4,3.4,265,42,30,45,56,53,39
857,Hattrem,8,Not Legendary,Psychic,None,0.6,4.8,370,57,40,65,86,73,49
858,Hatterene,8,Not Legendary,Psychic,Fairy,2.1,5,510,57,90,95,136,103,29
859,Impidimp,8,Not Legendary,Dark,Fairy,0.4,5.5,265,45,45,30,55,40,50
860,Morgrem,8,Not Legendary,Dark,Fairy,0.8,12.5,370,65,60,45,75,55,70
861,Grimmsnarl,8,Not Legendary,Dark,Fairy,1.5,61,510,95,120,65,95,75,60
862,Obstagoon,8,Not Legendary,Dark,Normal,1.6,46,520,93,90,101,60,81,95
863,Perrserker,8,Not Legendary,Steel,None,0.8,28,440,70,110,100,50,60,50
864,Cursola,8,Not Legendary,Ghost,None,1,0.4,510,60,95,50,145,130,30
865,Sirfetch'd,8,Not Legendary,Fighting,None,0.8,117,507,62,135,95,68,82,65
866,Mr. Rime,8,Not Legendary,Psychic,Ice,1.5,58.2,520,80,85,75,110,100,70
867,Runerigus,8,Not Legendary,Ground,Ghost,1.6,66.6,483,58,95,145,50,105,30
868,Milcery,8,Not Legendary,Fairy,None,0.2,0.3,270,45,40,40,50,61,34
869,Alcremie,8,Not Legendary,Fairy,None,0.3,0.5,495,65,60,75,110,121,64
870,Falinks,8,Not Legendary,Fighting,None,3,62,470,65,100,100,70,60,75
871,Pincurchin,8,Not Legendary,Electric,None,0.3,1,435,48,101,95,91,85,15
872,Snom,8,Not Legendary,Ice,Bug,0.3,3.8,185,30,25,35,45,30,20
873,Frosmoth,8,Not Legendary,Ice,Bug,1.3,42,475,70,65,60,125,90,65
874,Stonjourner,8,Not Legendary,Rock,None,2.5,520,470,100,125,135,20,20,70
875,Eiscue Ice Face,8,Not Legendary,Ice,None,1.4,89,470,75,80,110,65,90,50
875,Eiscue Noice Face,8,Not Legendary,Ice,None,1.4,89,470,75,80,70,65,50,130
876,Indeedee Male,8,Not Legendary,Psychic,Normal,0.9,28,475,60,65,55,105,95,95
876,Indeedee Female,8,Not Legendary,Psychic,Normal,0.9,28,475,70,55,65,95,105,85
877,Morpeko Full Belly Mode,8,Not Legendary,Electric,Dark,0.3,3,436,58,95,58,70,58,97
877,Morpeko Hangry Mode,8,Not Legendary,Electric,Dark,0.3,3,436,58,95,58,70,58,97
878,Cufant,8,Not Legendary,Steel,None,1.2,100,330,72,80,49,40,49,40
879,Copperajah,8,Not Legendary,Steel,None,3,650,500,122,130,69,80,69,30
880,Dracozolt,8,Not Legendary,Electric,Dragon,1.8,190,505,90,100,90,80,70,75
881,Arctozolt,8,Not Legendary,Electric,Ice,2.3,150,505,90,100,90,90,80,55
882,Dracovish,8,Not Legendary,Water,Dragon,2.3,215,505,90,90,100,70,80,75
883,Arctovish,8,Not Legendary,Water,Ice,2,175,505,90,90,100,80,90,55
884,Duraludon,8,Not Legendary,Steel,Dragon,1.8,40,535,70,95,115,120,50,85
885,Dreepy,8,Not Legendary,Dragon,Ghost,0.5,2,270,28,60,30,40,30,82
886,Drakloak,8,Not Legendary,Dragon,Ghost,1.4,11,410,68,80,50,60,50,102
887,Dragapult,8,Not Legendary,Dragon,Ghost,3,50,600,88,120,75,100,75,142
888,Zacian Crowned Sword,8,Legendary,Fairy,Steel,2.8,355,720,92,170,115,80,115,148
888,Zacian Hero of Many Battles,8,Legendary,Fairy,None,2.8,110,670,92,130,115,80,115,138
889,Zamazenta Crowned Shield,8,Legendary,Fighting,Steel,2.9,785,720,92,130,145,80,145,128
889,Zamazenta Hero of Many Battles,8,Legendary,Fighting,None,2.9,210,670,92,130,115,80,115,138
890,Eternatus,8,Legendary,Poison,Dragon,20,950,690,140,85,95,145,95,130
890,Eternatus Eternamax,8,Legendary,Poison,Dragon,100,,1125,255,115,250,125,250,130
